0.0879969649085942,1
0.0671319638307926,2
0.0388621193395727,3
0.0856479630388852,4
0.0602716906503671,5
0.036026467044427,6
0.0602125382515351,7
0.0560300325626952,8
0.0545589263178685,9
0.0434502259657084,10
0.0565955822805166,11
0.0478925524122482,12
0.0526479824340458,13
0.0513107238299151,14
0.0522212289589184,15
0.0487793515177704,16
0.0494808697323078,17
0.0461832511895066,18
0.0528321537042231,19
0.0481344510229191,20
0.0438195875109398,21
0.0476730346358714,22
0.0508807521709157,23
0.0671805810708186,24
0.0585239558407636,25
0.0732753394068902,26
0.0703308950239949,27
0.0772805684743721,28
0.069060613897743,29
0.0523806504378131,30
0.0616473350704989,31
0.0728067127522219,32
0.064644641369902,33
0.0816461659408591,34
0.0683007269134367,35
0.0683425490410833,36
0.0584710625039867,37
0.0832254034601896,38
0.0569556285084075,39
0.0663753745125117,40
0.0668424039280395,41
0.0659479943314833,42
0.0702292235589389,43
0.0629681998789615,44
0.0733236837348738,45
0.0663408022885447,46
0.0663914966267342,47
0.0704431380883427,48
0.0735619759500847,49
0.0792911582878545,50
0.0676655617131194,51
0.0623210501544507,52
0.0585692712888504,53
0.0598552584733592,54
0.0640095133349279,55
0.0592649148884086,56
0.0554737331204338,57
0.050713059782208,58
0.0680867827519612,59
0.0474747770229854,60
0.0587578181569788,61
0.0589715336937326,62
0.0413883349628582,63
0.0531075754260907,64
0.0369757558870742,65
0.0575025258336942,66
0.0680942819864139,67
0.0626404634237435,68
0.0757230199504098,69
0.0776019559280392,70
0.0774566197431864,71
0.0788769802742332,72
0.0761639596577455,73
0.0645341737241547,74
0.0595481865917517,75
0.0648123526595513,76
0.0808734342736169,77
0.0581163257967223,78
0.0453725934610557,79
0.0547184303677036,80
0.073655052682084,81
0.0340026854230077,82
0.0497151345264989,83
0.0445921959628431,84
0.0587069260324958,85
0.0544876843822264,86
0.0597201822693311,87
0.0672077909631384,88
0.0819025350516263,89
0.065319580614253,90
0.0610341569800345,91
0.056580733815387,92
0.0608925735686909,93
0.0629630999642794,94
0.0543628505727818,95
0.0821788155693735,96
0.0697284198844857,97
0.0601326478191692,98
0.0681672427271905,99
0.0693904449598141,100
0.0628888002765277,101
0.0691200454515164,102
0.0710423573066182,103
0.0688072959326907,104
0.0606526674408579,105
0.0298197642236082,106
0.061902082953848,107
0.0444566580846521,108
0.0591261590136447,109
0.0460334127388663,110
0.0618550237202105,111
0.0484345235381197,112
0.0704664902412086,113
0.0582855023337265,114
0.0519966312532408,115
0.067116752047939,116
0.0477698388344096,117
0.058829768035568,118
0.0483986804374922,119
0.0619557069839678,120
0.0551636440645741,121
0.0571374737309429,122
0.0693438534522726,123
0.0697933210958534,124
0.0707625358960882,125
0.0589070050831846,126
0.0668443139580969,127
0.0717497868628149,128
0.0677657500450401,129
0.0669230573195148,130
0.0636324446042195,131
0.0629111883954596,132
0.0656036288010312,133
0.0685000858681875,134
0.078964209653747,135
0.0768738559564385,136
0.0725102002377113,137
0.0594378243922703,138
0.0813118060633779,139
0.0783015757250848,140
0.0770029833298462,141
0.0760482191924526,142
0.0882736678477913,143
0.0938066959496101,144
0.0859589302336531,145
0.0815318822492991,146
0.0799286662862829,147
0.0863045260955899,148
0.0708184954800981,149
0.0865012931839921,150
0.0694792603682849,151
0.0576007937977784,152
0.0318188871018012,153
0.0341825645572902,154
0.0360788951499854,155
0.0712514709944292,156
0.0645323884292295,157
0.065315912666341,158
0.0661029947449636,159
0.0872232522121845,162
0.0866726088338208,163
0.0773410923489615,164
0.0680046488550046,165
0.100862652261227,166
0.0846192223051146,167
0.0705930275573356,168
0.0572986703579335,169
0.0503660309802134,170
0.059215710952075,171
0.0577432102880499,173
0.0562804127788034,174
0.0558932436648703,175
0.0508489471783545,176
0.0492953165755904,177
0.0501093602489297,179
0.0717850120277688,180
0.0553662539412938,181
0.054883574158053,182
0.0654879117241963,183
0.0428233306930238,184
0.0268492333516618,185
0.0260699924967925,186
0.0375933874854411,187
0.0399957067502748,188
0.0598785192109301,189
0.0406638575999688,190
0.0438860731965665,191
0.0392361614423355,192
0.04399607305675,193
0.0393078674134307,194
0.0802617666308425,195
0.0776614024339369,196
0.0797348911939939,197
0.0780672066095622,198
0.0741366564644368,199
0.055810274677855,200
0.0745789525699623,201
0.0614300933673989,202
0.0767820092976068,203
0.0815701767000043,204
0.0437326435947843,205
0.0531701694094635,206
0.0551256329011927,207
0.052089419362929,208
0.0604942750298577,209
0.0392163746028675,210
0.0429024230862702,211
0.0466370298656757,212
0.046795047537798,213
0.0511784225328689,214
0.0649931694775942,215
0.0572213563059339,216
0.0810277090916403,217
0.062702060585846,218
0.0558241050353001,219
0.0493349096127753,220
0.0532996484714065,221
0.0614422135163655,222
0.0461592541191255,223
0.039527318417249,224
0.0383388768358887,225
0.0540910177540173,226
0.0522719782175814,227
0.066648677726705,228
0.0338764971767618,229
0.0492237946405255,230
0.051001867830599,231
0.0461472826322291,232
0.0438608638247138,233
0.0504944832144572,234
0.0538432566543804,235
0.043455133171465,236
0.0440418364965468,237
0.0441317607891554,238
0.0458127206887528,239
0.0458193634483175,240
0.0449673496999686,241
0.0490046732668037,242
0.0512633066684061,243
0.0519831244673142,244
0.0506310393296313,245
0.0523342973030637,246
0.0561911309623181,247
0.0521633171236576,249
0.0534223079874538,250
0.0403456826528108,251
0.0442658939798176,252
0.034034437347783,253
0.0377480851220164,254
0.0432271435036255,255
0.0373566095603726,256
0.0174016725057282,257
0.03112407128245,258
0.0463286679884954,259
0.0372263123938039,260
0.0418732182799936,261
0.030873507836441,262
0.0347331877020844,263
0.0496629489714081,264
0.0458298271737673,265
0.028327844757926,267
0.0264511143691173,268
0.0373031022795124,269
0.0350660521460611,271
0.0362535890404134,273
0.0418302230368642,274
0.0318862610309551,275
0.0417789327533464,276
0.051494516987315,277
0.0488090065622756,278
0.0413723138768308,280
0.0357553703719348,281
0.0368408935115289,282
0.039275229099947,283
0.029507630907089,285
0.0439299368103428,286
0.0462761297627795,287
0.0490489816987798,288
0.0517744648195064,289
0.0544789755953232,290
0.051462587095052,291
0.044376917225291,292
0.0437863521772843,293
0.0221939472070688,294
0.050773880390451,295
0.0493603945299886,296
0.0544879554396282,297
0.0484451790558136,298
0.037541218936396,302
0.0330175404947932,303
0.0335440559111376,304
0.0413764438976506,305
0.0283302070153418,306
0.0390231355919781,308
0.0260809853642939,309
0.0445490482387152,310
0.0439087288432277,311
0.0397077613874971,312
0.0338987882385825,313
0.0350314576028046,314
0.0323825650915545,315
0.0362433851535043,316
0.0401358695232229,317
0.0437263628552659,318
0.0395499171078686,319
0.0393075013224187,320
0.0366770467549198,321
0.0397635316559138,322
0.0325469388109875,324
0.0426628243816522,327
0.045922388757486,328
0.0458485627833742,329
0.0480897436743506,331
0.0357787092534889,332
0.0325433578672893,333
0.0318207526511992,334
0.0314838312323922,335
0.0341670731562801,336
0.0530784503805532,337
0.0386995924798868,338
0.0368556045686162,339
0.0315667111916283,340
0.0331105934733373,341
0.0430374280602699,342
0.0328263626629483,343
0.0351232824199769,344
0.0400602452366288,347
0.0294430478098529,348
0.0447021853148491,349
0.0300255935103917,350
0.0178012231404134,351
0.0331559251693522,352
0.0279611268164158,353
0.0312024217719379,354
0.0283168310944507,357
0.0219232749319422,358
0.0284181004083837,361
0.040409618681798,362
0.0317557597728658,363
0.0339760458495206,364
0.0487889733148329,365
0.0443693154446856,366
0.044163270379729,367
0.0468117946233155,368
0.0593466449183216,369
0.0427717120524895,370
0.0614217845003224,371
0.0204570959572844,373
0.0260178470630757,374
0.0249441283521127,375
0.0222304199044699,376
0.0229668606758836,377
0.0204217261868146,378
0.023620808949951,379
0.038066659385577,380
0.0241076056546983,381
0.0231683251040938,382
0.0278097194507177,383
0.0274607862717316,385
0.0438431979545962,386
0.0449336946065969,387
0.0364271817002055,388
0.0277830369498638,389
0.0412280608929721,390
0.0400436708702857,391
0.0444642001376329,392
0.0424512874904757,393
0.049378245574341,394
0.0472395514838114,395
0.0401765100704081,396
0.0443431752014189,397
0.035077012875099,398
0.0456356658156868,399
0.0485981241138546,400
0.0532194582267272,401
0.0512121777276231,402
0.0461508939297539,403
0.0466136094645692,404
0.0466661722981098,405
0.0440129369778412,406
0.0529047810419812,407
0.0651282541816963,408
0.0578671955524793,409
0.0669112797274933,410
0.0484269584574291,411
0.0621758076100521,412
0.0497767678677071,413
0.0450552620653951,414
0.03526949539207,415
0.0432709852926702,416
0.0416663753153129,417
0.0218839318075105,418
0.0289636903478969,419
0.0480277998993194,420
0.0341368711381536,421
0.0459616160441143,422
0.0218372804310502,423
0.016199018501744,424
0.0225814247252746,425
0.0313654582459347,426
0.0295863812183445,427
0.0299436420218262,428
0.0239075901251942,429
0.0246906168243791,430
0.0239864263188048,431
0.0187222727983198,432
0.019349624573053,433
0.0213692685023143,435
0.0294913565670671,436
0.0168083391237742,438
0.0267790686513654,439
0.0218017754276091,440
0.0239561195677539,441
0.0252220648970285,442
0.0289682044248199,443
0.0685282812178847,444
0.0613197832348999,445
0.0757505798865429,446
0.071740632478461,447
0.0754217980073812,448
0.0597891242128509,449
0.0615432239315794,450
0.0627194630778502,451
0.0769834559696062,452
0.0520364427761662,453
0.0590406113432238,454
0.0254478868755692,455
0.0128978364422242,456
0.0343773139811587,458
0.0631811688710777,459
0.0818558080923093,460
0.100302063885454,461
0.100180034070693,462
0.0852083187891139,463
0.0605206710395775,464
0.0836499677276572,465
0.0610719216953431,467
0.0650688306606726,468
0.0436216861537358,469
0.0600225864927882,470
0.0567103348481679,471
0.0395978753878633,472
0.041932060037092,473
0.0443882956236614,474
0.0611170748921079,475
0.0596388166599137,476
0.0597830333225411,477
0.181871928996608,478
0.029671600679291,479
0.0338207787697847,480
0.0424134541907444,481
0.0306747054336079,482
0.0177075020666436,483
0.0367430062204354,484
0.0474027572181017,485
0.031482625782547,486
0.0286019276060838,487
0.0359045582374354,488
0.0532141208047456,489
0.0590194149933153,490
0.0541370967962701,491
0.0559719845451654,492
0.0525734641284706,493
0.0743440230153521,494
0.0632071081353206,495
0.053854114486942,496
0.0565025710389715,497
0.0401612335142716,498
0.0365039238726996,499
0.0420940644811792,500
0.046075169074438,501
0.0438032976910287,502
0.0510272486572791,503
0.0386151150715206,504
0.0229557331811928,505
0.0421583081697113,506
0.0409648427814003,507
0.0519083966148258,508
0.0532211871944271,509
0.0765123337207778,510
0.0438879569485357,511
0.0385018846906151,527
0.0385347767291912,528
0.0494659587852267,529
0.0446604051867883,531
0.0359273721067579,532
0.0421861307693992,533
0.0419762044756373,534
0.0368490280698741,535
0.0313212754058388,537
0.0407750483932961,538
0.0263565681194018,539
0.0337283869253676,540
0.0466530622836758,541
0.0418302008821952,542
0.0449335189508379,543
0.0389330002747348,544
0.0382003438404766,545
0.0399889270447639,546
0.0406697797708189,547
0.0405272985879797,548
0.0391412925337401,549
0.0419182148855175,550
0.0431498723516964,555
0.0359548278622247,556
0.0331578073289605,557
0.0163101692284449,558
0.031844145261808,559
0.0667193057058574,560
0.0364017586650741,561
0.052680749913851,562
0.123238164956209,563
0.0628791679604053,564
0.0604580353244379,565
0.0607790931687734,566
0.0392844043698402,567
0.0404330284608016,568
0.0401039301782372,569
0.0505105684389371,570
0.0377290830764624,571
0.049258307533498,573
0.0476149945140118,574
0.0510199618454659,575
0.0297341306390407,576
0.0395763713260246,578
0.0483859155061643,579
0.0303650595883943,580
0.0393400591014479,581
0.0525950406044262,583
0.0499272886909363,584
0.0560801814530228,585
0.0622884357475575,586
0.0511146373386071,587
0.0302452979970504,588
0.043302393746968,589
0.0365187374649905,590
0.0456094750178629,591
0.0471342609345127,592
0.0394175330273697,593
0.0435333278224944,594
0.0353056260997838,595
0.0279323491622548,596
0.0416113900646705,597
0.0616383602928377,598
0.063415712978045,599
0.0441527035299937,600
0.0496304792622742,601
0.0495402938462894,602
0.0659383131912655,603
0.0318262272969082,604
0.0503435128503295,605
0.0444713751471635,606
0.071737793386733,607
0.0596235009855676,608
0.0540689568706434,609
0.048797769463766,610
0.0509369310776601,611
0.0641692328065279,612
0.0528522865829012,613
0.160334066444064,614
0.0650040397165897,615
0.0551464540851041,617
0.0503278242404273,618
0.0872749754738967,619
0.0788264339014451,620
0.0781783802063763,621
0.0657174118653847,622
0.0675537608575365,623
0.0401228662083206,624
0.0430188351137637,625
0.0307996729488413,626
0.0486760104712653,627
0.0411269728099637,628
0.0459517215824595,629
0.0684289068743592,630
0.0190353797884437,631
0.046724884817674,632
0.046960699386176,633
0.059240152406212,634
0.0410637173965264,635
0.0393751484567254,636
0.0372054599132495,637
0.0377090845975465,638
0.0331967709825962,639
0.0405112197425845,640
0.0432876134107193,641
0.0365678959425036,644
0.0496039341113855,645
0.0991045006965162,646
0.0622549122452197,647
0.0506569933280017,648
0.0517802267056056,649
0.0541234634703545,650
0.0490392761883629,651
0.0598787148512486,652
0.0598885361245556,653
0.0357280086853766,654
0.0462095715789048,655
0.0496377452459823,656
0.0453274906137438,657
0.0471602934848742,658
0.0495018985316303,659
0.0664661293045626,660
0.0610579381754623,661
0.0612605696837004,662
0.0667694678635953,663
0.06185187673858,664
0.0614836518973608,665
0.0519170850879704,666
0.0521633128387826,667
0.0524803772123474,668
0.0525481821729573,669
0.0469797504600651,670
0.0593997471219835,671
0.0620392241369534,672
0.0517393735322829,673
0.0409663859585314,674
0.0635658577111737,675
0.0539937129497036,676
0.0511204657547396,677
0.0579927132565664,678
0.058951856078878,679
0.0619059996198399,680
0.0579854732821856,681
0.0566440615710188,682
0.0513806049366183,683
0.0570128803415991,684
0.0525659334277,685
0.0631715600083314,686
0.0718927272630049,687
0.0497103393918851,688
0.0526525006147425,689
0.0565745534037716,690
0.057932060215887,691
0.0563767268741292,692
0.0578734598523101,693
0.0597029054504155,694
0.0517128419624129,695
0.0505516717019168,696
0.0428097013529258,697
0.0543761118316663,698
0.0498662195198624,699
0.0763047198614376,700
0.0668179543275215,701
0.059724597070463,702
0.054840246134213,703
0.0809349634244349,704
0.0520524166549897,705
0.0524586064371923,706
0.0601566625322171,707
0.0582212766670396,708
0.0524142729271432,709
0.0495178730450839,710
0.0688930737793211,711
0.0596123487008107,712
0.0633329197674226,713
0.0603161398590515,714
0.059919717525321,715
0.0703453781076291,716
0.07451468515624,717
0.0664854854228043,718
0.069769406582782,719
0.0694133921686178,720
0.0657909939272744,721
0.0653674891234296,722
0.0646198911556788,723
0.0660113021243408,724
0.064243169680362,725
0.0617314986768478,726
0.0860845448295463,727
0.0616856424271094,728
0.0775495312489852,729
0.0872220132917711,730
0.133734250289852,731
0.0706725162841412,732
0.0789605482113483,733
0.0675785373194089,734
0.0714488917166465,735
0.0701799675111817,736
0.0443191949138206,737
0.0596659959670269,738
0.0762005928055716,739
0.0717846747948148,740
0.058731482196345,741
0.0319648534565247,2254
0.0583671552983467,2256
0.0354335375419461,2257
0.0368210854282359,2258
0.0618273359129796,2259
0.0619924361073274,2260
0.0566084930822138,2261
0.0551965232625942,2262
0.0511103760316291,2263
0.0460787627548197,2354
0.185352445809036,2355
0.104903998261767,2357
0.0855042529095185,2358
0.18746006864845,2359
0.0985690377669959,2360
0.0886013578810148,2361
0.188174215263865,2362
0.103454302027861,2363
0.179563997467554,2364
0.147688286841564,2365
0.120048981667741,2366
0.120840047820486,2367
0.150194010192683,2368
0.117092941241468,2369
0.128147147985478,2370
0.113992842376539,2371
0.15994292478001,2372
0.130649742213839,2373
0.125347718582434,2374
0.120505196983114,2375
0.119522037310511,2376
0.0733759822896599,2377
0.181094674595151,2378
0.142673435681387,2379
0.117511920770288,2380
0.0663710060438152,2381
0.112341552977236,2382
0.104591448405968,2383
0.113735087207097,2384
0.0874602549103323,2385
0.965149925727588,742
0.170935834198151,743
0.0607771445094231,744
0.110443694340872,745
0.096464756648869,746
0.107197743342665,747
0.0839066995046187,748
0.100476051256564,749
0.0849174449560376,750
0.0691897998038723,751
0.218463834107596,752
0.1564377736826,753
0.204816230338056,754
0.0933009820717992,755
0.116700527747903,756
0.108791241759289,757
0.0948100343147487,758
0.127298218410548,759
0.111546167810586,760
0.0516787672061796,761
0.133895514992446,762
0.13731200595874,763
0.155282816276143,764
0.133000687703014,765
0.103497032086164,766
0.0727098394456159,767
0.133486328110905,768
0.118725006870984,769
0.0790378222934452,770
0.128536282142674,771
0.100910317470552,772
0.0700338634489788,773
0.163649964331391,774
0.0983802548574352,776
0.0771956061642408,778
0.119457317516978,780
0.11451372919154,782
0.0991522182219809,783
0.0891773757050597,785
0.0989098905765521,786
0.0606158614163974,787
0.0813475984080128,788
0.0996007394700956,789
0.12101859245179,792
0.181202147805685,793
0.132783756638102,794
0.112372044587123,823
0.0364713738610836,824
0.0339586502941965,825
0.0529641401890861,826
0.0469436909938854,827
0.0401504880322751,828
0.0329127317655937,829
0.041985259803274,830
0.0465074185123704,832
0.0397298308232454,833
0.0585502085762058,834
0.0172225092761374,835
0.0131784644731809,837
0.0136967192588309,838
0.0680784524241447,839
0.0366220820621642,840
0.0418273704095282,841
0.0625174772404816,842
0.0159711035906497,843
0.0491375434924582,844
0.0339630256876926,847
0.0168174276708407,848
0.0898022505459634,849
0.0663596644280324,850
0.0677102092095746,851
0.0628071415140966,852
0.0543941597423348,853
0.0276628668154953,854
0.0645803260796227,855
0.0747426474595736,856
0.0718662525692414,857
0.0752493966881091,858
0.0702790718528317,859
0.0612837218080247,860
0.0870177088629104,861
0.0703581774876543,862
0.0967295434017835,863
0.0792516423533854,864
0.0681514189639173,865
0.0285207877298355,866
0.0231406203754463,867
0.0396494927957527,868
0.138033025166244,869
0.085407377440823,870
0.148416797675288,871
0.0873846771837138,872
0.14225266998516,873
0.0706538777775462,874
0.0414984226918253,875
0.0302592320190976,876
0.105696587932344,877
0.0583238287832682,878
0.0511511908156527,879
0.0503976285789368,880
0.0972832154188257,881
0.0788723781476153,883
0.0846584664504478,884
0.119390164062125,885
0.109159811525652,886
0.102147816555211,887
0.0807549330082636,888
0.0824724970243075,889
0.041364065155994,895
0.0122239488694978,896
0.0247264783587578,898
0.0536077096492753,899
0.0566606500544613,900
0.0450504475728087,901
0.0395428885830158,911
0.0226083309445714,912
0.0225281431571043,913
0.0268617950255634,914
0.0247391965740221,915
0.0337043211509969,916
0.0485518765244656,917
0.0476701248608512,918
0.0517548449335188,919
0.0473015765042462,920
0.0465301608440463,921
0.0288349094438122,922
0.0226792812363494,923
0.0349645946067587,924
0.0233677771209599,925
0.0306490547224853,926
0.0373986086226857,927
0.036270700804956,928
0.0464829970467601,929
0.0605040528571212,930
0.0455226041911722,931
0.0025344125570799,932
0.0335131682229371,936
0.0439325888539123,937
0.0326861318807248,938
0.0380557889259546,939
0.0524939094263563,940
0.0324831480008782,941
0.0533948850581476,942
0.0379837060081223,943
0.0451226421493338,944
0.0354225463053329,945
0.0372797806658606,946
0.0432434573296734,947
0.0488965066578521,948
0.0529551954724102,949
0.0582791712433979,950
0.0610066019810157,951
0.048950144770099,952
0.0493911466886692,953
0.0986806925335057,954
0.0462773462570668,955
0.0557672457227475,956
0.0455142538522743,957
0.0531677234288804,958
0.0803602709556665,959
0.0533183790830386,961
0.0348908948899995,962
0.0550572006075546,966
0.0715111450969132,967
0.039837199091273,968
0.0414483780178231,969
0.100454861476621,970
0.128846142472607,971
0.102208280147815,972
0.102520884172262,973
0.097722708391897,974
0.0748175675995932,975
0.0731165469517761,976
0.0768940652408755,977
0.0763284568142198,978
0.0669219892216783,979
0.0553106398816711,980
0.0346404060682896,981
0.026770417946389,982
0.0542491240558144,983
0.0699988372349063,985
0.51754475256437,986
0.0901001919559533,987
0.191070571632007,988
0.124571003703315,989
0.163195471543725,990
0.144426221662673,991
0.129423410773966,992
0.110900572404825,993
0.116404069651527,994
0.121931668368148,995
0.145569902695263,996
0.170008318546586,997
0.189112358345693,998
0.108629351443453,999
0.0800463343863605,1000
0.106928600145485,1001
0.0789072056109151,1002
0.103082141745089,1003
0.0793786479863055,1004
0.0890548680497222,1005
0.0524633606427038,1006
0.0763952522577243,1007
0.112386509655834,1008
0.123554560880357,1009
0.135631435778648,1010
0.15231734111805,1011
0.1022551449498,1012
0.129409423997021,1013
0.126652006243533,1014
0.136516008088144,1015
0.0988894966274782,1016
0.12231328780877,1017
0.081151874570614,1018
0.0771063072670098,1019
0.112195683293799,1020
0.073379569214161,1021
0.0585313405252657,1022
0.0799141241731114,1023
0.0829538695083476,1024
0.0654911577626301,1025
0.0749820707808113,1026
0.0646547838025357,1027
0.155310425347544,1028
0.147605321048888,1029
0.142585817187017,1030
0.145702525314557,1031
0.152782342682148,1032
0.129631906739158,1033
0.163205517833992,1034
0.136313275829937,1035
0.151503046217754,1036
0.121473075021718,1037
0.125801567097785,1038
0.105678202169893,1039
0.139385581556185,1040
0.0811707829400053,1041
0.103631631769739,1042
0.107985118795048,1043
0.117715146847809,1044
0.12699079655283,1045
0.139369059359519,1046
0.14245734967775,1047
0.14930395192593,1048
0.0791920193646765,1049
0.104638173589339,1050
0.0820836267587876,1051
0.0996667100413729,1052
0.080112190410315,1053
0.0441889480742874,1054
0.113722726707026,1055
0.0791607445466717,1056
0.11389955114832,1057
0.0784992617399039,1058
0.0926162360916832,1059
0.0959140155481655,1060
0.120036972971921,1061
0.0940616735331286,1062
0.119365058750593,1063
0.109230098021962,1064
0.10045279337021,1065
0.0789113616757591,1066
0.0923818591022396,1067
0.07622065883368,1068
0.0976273739134096,1069
0.109338835032015,1070
0.0433359961198173,1071
0.0965251831066918,1072
0.0521850402669545,1073
0.0967629817664905,1074
0.0994054810564541,1075
0.117651601153097,1076
0.110367589442839,1077
0.101878631228477,1078
0.0986695894941384,1086
0.0520071350254771,1087
0.0383865269980461,1088
0.0367331597435808,1089
0.038765856301768,1090
0.0423371675172375,1091
0.0368666198658491,1093
0.0715559791346744,1094
0.0375547916997238,1095
0.0402316136831345,1096
0.0486394985515855,1097
0.0423110317559703,1098
0.0700760782828999,1103
0.0605061142363467,1104
0.073223147634753,1105
0.0482876235945303,1106
0.0327617800878405,1107
0.111904031922211,1108
0.104304768203508,1109
0.0965631137853288,1110
0.101639356436989,1111
0.0891713034536446,1112
0.110320394449038,1113
0.0878329189864771,1114
0.081652166671585,1115
0.0829530187948021,1116
0.0870878176650947,1117
0.0977174750256733,1118
0.0957953485395021,1119
0.103710176213803,1120
0.106374766252052,1121
0.125650680742279,1122
0.10949223817533,1123
0.122052119849656,1124
0.0966790999047556,1125
0.133210225449662,1126
0.1068763309952,1127
0.0720478081059037,1128
0.0700159374877267,1129
0.0687504670057062,1130
0.0564998708888701,1131
0.0527520569957654,1132
0.23617899085965,1133
0.0689484666489955,1134
0.0643733184641973,1135
0.0972046603969596,1136
0.0893373360941117,1137
0.09690359128948,1138
0.0812780115535463,1139
0.0674524930907922,1140
0.0903928547361103,1141
0.106404847903016,1142
0.098269027377122,1143
0.0873704279733196,1144
0.0800576793293426,1145
0.0825961088252775,1146
0.0537121490687864,1147
0.0658327614275442,1148
0.130794029722842,1149
0.114480056072278,1150
0.0677440533492991,1151
0.134617755703829,1152
0.095079127619587,1153
0.12416049205968,1154
0.0674523275516593,1155
0.121428075853101,1156
0.0778009582307705,1157
0.0886722733369736,1158
0.0967854104848868,1159
0.119023126299299,1160
0.0573003223710953,1161
0.0509085141267346,1162
0.0348653323732111,1163
0.0592652764418427,1164
0.0502031028221359,1165
0.0439515420415442,1166
0.0570984479370946,1167
0.0560201258564119,1168
0.090458361125444,1169
0.0648547021873078,1170
0.0539569119422248,1171
0.015293038700187,1172
0.03905263817786,1173
0.0345737515002465,1174
0.0539675393783803,1175
0.0446004687558823,1176
0.0638823693805792,1177
0.0563034400272325,1178
0.0279540150306557,1179
0.0261897211505463,1180
0.0284581333784588,1181
0.0309457473227328,1182
0.0387105100362398,1183
0.0323246111543931,1184
0.0406241124012842,1185
0.0470197051966671,1186
0.0483630581368079,1187
0.03985843986728,1188
0.0492259435738697,1189
0.0587865599323934,1190
0.0223552468315751,1191
0.0199271798672689,1192
0.0256251391936029,1193
0.0673112389853003,1194
0.0602142935135036,1195
0.0566139827650536,1196
0.0735131210516027,1197
0.054591980340451,1198
0.0523045842119075,1199
0.0421860282795605,1200
0.113378100325909,1201
0.125505795972087,1202
0.141761353703291,1203
0.125431062203241,1204
0.125282551646528,1205
0.11860057389705,1206
0.0662264127121705,1207
0.0953095889391032,1208
0.0449581085274283,1209
0.0904376061674771,1210
0.0813908666722222,1211
0.0664253605324103,1212
0.0375352764646535,1213
0.0510058812724524,1214
0.0874523680307455,1215
0.0993616224598068,1216
0.0979992581739148,1217
0.102216020282854,1218
0.0973904338398256,1219
0.0895814406913519,1220
0.112428406220099,1221
0.0862646604438166,1222
0.0976578993858612,1223
0.0944039810631165,1224
0.0903753365691942,1225
0.111377479187686,1226
0.0836769398219943,1227
0.0651689932789725,1228
0.101110728129085,1229
0.0930890421640774,1230
0.109277535857774,1231
0.0894312406459713,1232
0.102847859532717,1233
0.0847386335505821,1234
0.0892342927859263,1235
0.082948093979119,1236
0.0865064121466667,1237
0.0525122780778388,1238
0.0590115551702146,1239
0.0242451078433835,1240
0.0979598155971785,1241
0.0783180107767842,1242
0.0668822822474099,1243
0.0772045681725522,1244
0.0690983868313299,1255
0.0277282742437714,1262
0.0267480097629553,1264
0.0184244580153256,1266
0.0517561848230072,1267
0.136862311089018,1268
0.132341415644307,1269
0.126509883936068,1270
0.0905286557410428,1271
0.0740055911205378,1272
0.108754834748202,1273
0.137267284026356,1275
0.151393231324132,1276
0.124056765973173,1277
0.130111686854058,1278
0.126043996204878,1279
0.111384881946213,1280
0.131599767329117,1281
0.122718410873971,1282
0.0582793779036405,1283
0.0601431541332248,1284
0.0655631540659618,1285
0.0708351222554966,1286
0.113722305690464,1287
0.0711497517493372,1288
0.0958720348331621,1289
0.0596415540088878,1290
0.0803747248468139,1291
0.0781372844096219,1292
0.119554892744145,1293
0.0608148004050899,1294
0.0823778447831124,1295
0.0797492247877307,1296
0.130550173494544,1297
0.137312540936042,1298
0.1432282702566,1299
0.135763111531104,1300
0.142418038747676,1301
0.132093001777407,1302
0.130957054271198,1303
0.105743839164401,1304
0.0587226288544892,1305
0.0373066371200135,1306
0.0327664547651799,1307
0.0358176224763503,1308
0.0354681454232527,1309
0.0358446864261842,1310
0.0211723635329113,1311
0.0227717112199202,1312
0.0160413140050659,1313
0.0439023413629821,1314
0.0317161023744101,1315
0.0151939984742396,1316
0.0200468120419493,1317
0.0272653718879471,1318
0.0218196744144945,1319
0.0269078298085949,1320
0.0422800155484618,1327
0.0596161557434798,1328
0.0361102972828233,1329
0.0358588446855746,1330
0.0205562904057613,1331
0.0417124563040547,1332
0.0259772391563392,1333
0.0417135839559169,1334
0.0340027576346284,1335
0.0271618783183299,1336
0.0521656931896047,1337
0.0291741402348829,1338
0.0338419365984111,1339
0.0302743667075719,1340
0.0273536782069595,1341
0.0289616913131385,1342
0.027076710055702,1343
0.0582950037449607,1344
0.0663510799429383,1345
0.0490478634314932,1346
0.0581275018219096,1347
0.0434243225902154,1348
0.0359151581135425,1349
0.0562139331718445,1390
0.1918805364983,1394
0.116572495832878,1395
0.0632964957275727,1396
0.0751365683336884,1397
0.0840909347150212,1398
0.0684607185225784,1399
0.0576576222057678,1400
0.0828733901628865,1401
0.0893351807303817,1402
0.0615458432576425,1404
0.107258594169644,1405
0.0889310313348887,1406
0.094975214700329,1407
0.0615264176682291,1408
0.0413605989430247,1409
0.0428646160759896,1410
0.0413286732919163,1411
0.0353376611232988,1412
0.0212332020912266,1413
0.0226185827138675,1414
0.0348383262204157,1416
0.069071259239113,1417
0.0743701864149393,1418
0.0477433169764344,1419
0.0495658719433409,1420
0.0710729949095291,1421
0.0711240099553029,1423
0.0674261697894344,1424
0.062400742715754,1425
0.0570711736778077,1426
0.0736861639522392,1427
0.0637408367760514,1428
0.088568261555616,1429
0.115953490307117,1430
0.0969093171437552,1431
0.100478691630051,1432
0.111648650946207,1433
0.093364756972142,1434
0.0878755020550503,1435
0.0599489941611276,1436
0.0664224051506829,1437
0.0925303307765265,1438
0.0570922226481597,1439
0.0744211085228874,1440
0.0474862755304951,1441
0.0366956436493529,1442
0.0837585905909238,1443
0.0758365306056208,1444
0.0385653482274651,1445
0.0977823078841633,1446
0.0899335451472676,1447
0.10142195093853,1448
0.0785969445452942,1449
0.016195841040391,1450
0.104558930726911,1451
0.113814989073268,1452
0.097724846680269,1453
0.113035683474209,1454
0.0958573697095384,1455
0.14356311566169,1456
0.114504280442464,1457
0.0709845188849814,1458
0.0831325178504824,1459
0.0619943876336528,1460
0.0613267825631816,1461
0.0255006898042513,1462
0.035798136046143,1463
0.0223129340892724,1464
0.0656689130821959,1466
0.0895848178822348,1467
0.0703159092939045,1468
0.133109159884217,1469
0.117744845001638,1470
0.11374263143306,1471
0.105351369684271,1472
0.0772675803070789,1473
0.0923243982076975,1474
0.156748955364493,1475
0.0498698052530934,1476
0.0151394869745616,1477
0.0598942183259075,1478
0.0444400618160245,1479
0.180470422635208,1480
0.084263489626682,1481
0.057331835774004,1482
0.061575377361933,1483
0.0843792287954757,1484
0.0886351198478021,1485
0.115574032972637,1486
0.0653033661664006,1487
0.0938052002654348,1488
0.0539656158996845,1489
0.119216575562581,1490
0.0761175291271926,1491
0.0872492265841538,1492
0.0815923443747176,1493
0.0530557366019948,1494
0.0239213345078254,1495
0.0572464387315527,1496
0.0118148291324378,1497
0.0317151018545147,1498
0.076147923270604,1499
0.0671202306593201,1500
0.0472688882881761,1501
0.0534556092435638,1502
0.0774086506534398,1503
0.0527927393237775,1504
0.146148732329255,1505
0.0546878925779254,1506
0.0792745308633681,1507
0.0479403303947414,1509
0.0906746253564484,1510
0.105438094685568,1511
0.0836688954134102,1512
0.0809691195987754,1513
0.0650813133657798,1514
0.0416330651737743,1515
0.0426304371945045,1516
0.0494343533448918,1517
0.0488555787233175,1518
0.0747240077027457,1520
0.062514846658197,1523
0.0745824182766901,1524
0.0624124397970159,1525
0.0578232482865713,1526
0.0727391819196086,1527
0.0903534091850891,1528
0.106325759879035,1529
0.0827832142712818,1530
0.058130032441807,1531
0.0390727103346476,1532
0.0811491044697733,1533
0.0566811942474844,1534
0.0899632748434923,1535
0.0438975353946528,1536
0.0787720172550327,1537
0.0529897476520072,1538
0.0121715576901188,1539
0.150569614712099,1540
0.166123786649169,1541
0.0722800194015977,1542
0.0780313225416619,1543
0.164026526528267,1544
0.0138230062031787,1545
0.0353689712075019,1546
0.0406123786676821,1548
0.0896622338296251,1549
0.0939011937127008,1550
0.0166539273794351,1551
0.0863228083013092,1552
0.0913789194837196,1553
0.1325893503071,1554
0.151842648387555,1555
0.0227197112310354,1556
0.0445598015548758,1557
0.0731573957261457,1558
0.0797403952795924,1559
0.111871905744857,1560
0.0581884060737645,1561
0.0639085391398654,1562
0.0790523607333301,1563
0.0609740077504216,1564
0.0100975874510507,1565
0.00883254669181716,1566
0.0488643058557667,1567
0.0174361873777,1568
0.00835766660516757,1569
0.0382365803138199,1570
0.0399908485721428,1571
0.0374252864606196,1572
0.0365018177014789,1573
0.0176601989996728,1574
0.0258509026127206,1575
0.0381956423873581,1576
0.0196331314622082,1577
0.0241719806746261,1578
0.0634832683497586,1579
0.0418778109758369,1580
0.00970066629137228,1581
0.014684819659905,1582
0.0156612915008718,1583
0.0699125621472966,1587
0.0386236342837147,1588
0.0520349576321865,1589
0.0715022181475653,1590
0.0669614829823803,1591
0.0735574414142115,1592
0.0392417190149144,1593
0.0621640094735069,1594
0.053982661052775,1595
0.0713088936450963,1596
0.0688146230627813,1597
0.092298494463656,1598
0.0971013485657997,1599
0.0766194707329468,1600
0.0738563207718586,1601
0.0534206516347998,1602
0.0388905072051937,1603
0.391478807766127,1604
0.49412319491986,1605
0.0943742649012327,1607
0.0679148504886101,1608
0.634204340763724,1610
0.438581404165181,1611
0.440139355303351,1612
0.336945275932382,1613
0.0323360993228369,2015
0.0339680836249441,2016
0.0333801272074412,2017
0.0300094961984169,2018
0.0182629808392946,2019
0.0279904642722943,2020
0.0203608956155034,2021
0.0358376412598729,2022
0.0183823386342664,2023
0.0343348841918164,2024
0.0191557046853453,2025
0.0407219152050189,2026
0.017261686168926,2027
0.0344997369424325,2028
0.0370297504572584,2029
0.0351793089326829,2030
0.0340380649844244,2033
0.0405355695570892,2034
0.0417849258064237,2035
0.0351837242393679,2036
0.0344910975662846,2037
0.0374957080876763,2038
0.0331211584468125,2039
0.0343803561836675,2040
0.0353384687594401,2041
0.0346400174195174,2042
0.0386980256055351,2043
0.034226580231712,2044
0.0336536095421886,2045
0.0357217019970071,2046
0.0340706626411129,2047
0.034935084688359,2048
0.0363988519685186,2049
0.037269154256846,2050
0.0378425766715017,2051
0.0353953823502864,2052
0.0371325955954729,2053
0.0379357326181717,2054
0.0357155286081607,2055
0.0359225191799021,2056
0.0349369775168017,2057
0.0344635512106181,2058
0.0334602965454766,2059
0.0392998061689512,2079
0.0394177922436336,2080
0.0394295660782559,2082
0.0451100266242928,2083
0.0397061540455463,2085
0.0394278050700255,2095
0.033362034955241,2096
0.0346325788371243,2097
0.0338111178311027,2098
0.0347172810129754,2101
0.0569767185938893,1984
0.0601093579448716,1985
0.0833351186315491,1986
0.0245123700901341,1987
0.0237858729117606,1988
0.0450731627968118,1989
0.0472413485434532,1990
0.0511510829459007,1991
0.0358921749538174,1992
0.046251128560846,1993
0.0504696492869104,1994
0.056083238825206,1995
0.0487736811503117,1996
0.0596719769434018,1997
0.0651104318868034,1998
0.0411947418071381,1999
0.0367868258631546,2000
0.0707322376237305,2001
0.0670293233500093,2002
0.0553871224142135,2003
0.0526610583106409,2005
0.031056359120627,2006
0.0319955555390483,2007
0.0359842336006764,2008
0.0416754576205102,2009
0.0311423530040865,2010
0.0197024071063878,2011
0.0139304459306906,2012
0.0126829317500635,2013
0.0153398363772208,2014
0.0347803006874982,2102
0.0173672606480353,2103
0.0156292809413804,2104
0.0209071138103468,2105
0.0365513774639179,2106
0.0374468870356371,2107
0.0372093642568706,2108
0.0425770954226898,2109
0.0474894984126296,2110
0.0522587208753795,2111
0.136009634324387,2114
0.0382948944273923,2115
0.13504918755771,2116
0.106104664398954,2338
0.0197830656709229,2339
0.0745537313316224,2340
0.063046801909771,2341
0.0516475984514915,2342
0.0557902785147485,2343
0.0617445033600761,2344
0.0720020130195706,2345
0.0586642881287065,2346
0.0678799410089428,2347
0.0598616679800915,2348
0.0618245346514595,2349
0.0671480411858146,2350
0.0494874849112465,2351
0.0622465529491919,2352
0.0883029912463907,2291
0.111058517746683,2292
0.10681203603818,2293
0.103717734231395,2294
0.0883556385585559,2295
0.101539407073883,2296
0.0493834166437215,2297
0.0805038026084218,2298
0.107978881311043,2299
0.105288441443365,2300
0.0690848154490351,2301
0.0974955976306178,2302
0.10558702193192,2303
0.0479216713542238,2304
0.16008153514692,2305
0.0685857377393897,2306
0.0334646341858457,2307
0.0830617889993522,2308
0.0829371994075467,2309
0.163434986949576,2310
0.159982710631895,2311
0.133840061292674,2312
0.0476345378076748,2313
0.098185694156583,2314
0.131850493318539,2315
0.131624801244021,2316
0.0915205120795829,2317
0.077422923503618,2318
0.103689196216768,2319
0.113966055340367,2320
0.06028825017257,2321
0.0822419439600815,2322
0.0614003769636145,2323
0.0708610729322222,2324
0.0534728433470894,2325
0.0463476366085649,2326
0.062353460810635,2327
0.0624581851076857,2328
0.0612250176755607,2329
0.0663608906253133,2330
0.0574124540312004,2331
0.017930268983012,2332
0.0730069918921025,2333
0.0472886778948164,2334
0.0525097393419186,2335
0.128804940087294,2336
0.0620049796374709,2267
0.0831100053837561,2268
0.132090521650288,2269
0.104013710751583,2270
0.13213922153226,2271
0.0965729270582135,2272
0.0890897178997111,2274
0.0959789154459246,2275
0.127624718217736,2276
0.148075093767196,2277
0.0994474716031267,2279
0.0914375425431467,2280
0.134169191775354,2281
0.156532512725531,2282
0.0993009391880303,2283
0.0960985446255664,2284
0.100618543161277,2286
0.092281169330466,2287
0.0755447799204008,2288
0.149530038475315,2289
0.10554564624372,2290
0.0947930289234154,2481
0.0600805283371211,2482
0.0463322344695481,2483
0.0658702256144056,2484
0.0289880946282169,2485
0.0600634401571346,2486
0.0859898534696455,2487
0.0847426353969089,2488
0.0989678123423109,2489
0.0885196343404258,2490
0.0791410171863089,2491
0.0774386347527698,2492
0.0766013540787264,2493
0.0777509127902968,2494
0.080286833156853,2495
0.075986132968028,2496
0.0893456328949537,2497
0.0846271505918317,2498
0.0796042119840421,2499
0.0767152925225492,2500
0.0725888519663298,2501
0.072769395699432,2502
0.0791011492917527,2503
0.0772974105417031,2504
0.0673111079960626,2505
0.0806137969867673,2506
0.0359834418163453,2398
0.0290890607278673,2399
0.0296726167961463,2400
0.0368738577269686,2401
0.0262093610436589,2402
0.0369999239022056,2403
0.0173140890826926,2404
0.036167468289366,2405
0.0312015256235419,2406
0.0404651711405768,2407
0.0364625900286581,2408
0.0328026622198198,2409
0.038115563373937,2410
0.0317246679056442,2411
0.0381287498159192,2412
0.0365504652771776,2413
0.0395095050877515,2414
0.039506948498687,2415
0.0372317046698864,2416
0.0358784376075778,2417
0.0378665215886589,2418
0.0378043720754649,2419
0.0378764005199427,2420
0.0377029042988699,2422
0.0360771359914193,2423
0.035888223574697,2424
0.0365886902564705,2425
0.0345877998395772,2426
0.0363603638176505,2427
0.0202979874415119,2428
0.0277925653144345,2429
0.0272559867015007,2430
0.027258280225117,2431
0.0272574701002633,2432
0.0274860117619247,2433
0.0275041168442046,2434
0.0277366015712335,2435
0.0273448770806397,2436
0.0273170487223061,2437
0.0275643060659164,2438
0.0275598973337691,2439
0.0275385972755575,2440
0.0370712919358137,2441
0.0254097755192237,2442
0.0350403764324717,2443
0.0288779023208652,2444
0.0145204996839543,2445
0.026524178670959,2446
0.0512667985726375,2447
0.0277024435803147,2448
0.0363795013546126,2449
0.0320706253392964,2450
0.0365991087235429,2451
0.0280890148687128,2452
0.0325167979445591,2453
0.0390845015061411,2454
0.0189117657370277,2455
0.0422017321466982,2456
0.0297643145308738,2457
0.030772029296264,2458
0.030811178254122,2459
0.04139374990371,2460
0.022924191807971,2461
0.0154615365150939,2462
0.0152658515485266,2463
0.0205045458730239,2464
0.0229667370501125,2465
0.0150929245403261,2466
0.0152446212145444,2467
0.015503188540906,2468
0.0223147936444023,2469
0.0242589749470677,2470
0.026918660752986,2471
0.0318964472659503,2472
0.0151063437909867,2474
0.0188125653610589,2475
0.0188497408848916,2476
0.018889671178046,2479
0.00465683526788605,2117
0.0152032900266326,2118
0.0151271342110214,2127
0.0143454469724642,2129
0.0120352522093108,2130
0.0116186382598696,2131
0.0138208050690091,2132
0.0118695058979317,2134
0.0147138017400417,2135
0.0125701489190308,2136
0.0132298774546531,2137
0.0102102505772768,2138
0.0107804422447544,2139
0.0103288726738149,2140
0.00985145485929565,2141
0.0114771554274634,2142
0.00992036963629003,2143
0.00993017636838315,2144
0.0100085167929995,2145
0.00944437167786349,2146
0.00829176336336247,2147
0.00828014450874292,2148
0.00900238757505086,2149
0.00827055984315479,2150
0.00701372542117524,2152
0.00929928978045223,2153
0.0065771741833007,2154
0.00691660256177984,2155
0.00687653513749545,2156
0.00976438655721197,2157
0.00938764620303953,2158
0.010923529349631,2159
0.0107447815176823,2161
0.00883804731104464,2162
0.00957661154647444,2163
0.0104203214471133,2164
0.0103536995757947,2165
0.0101523575284139,2166
0.00978514959504366,2168
0.0103385218655194,2169
0.010228143011814,2170
0.0110783981379088,2171
0.00993173725641582,2172
0.00616678319586185,2173
0.00903765416162202,2174
0.00899896285547187,2175
0.00935047557689571,2176
0.00825048858368724,2177
0.00845157534398803,2178
0.00757702345689007,2179
0.00924216241630655,2180
0.00969039089264539,2181
0.0096822236345925,2182
0.00721797881715973,2183
0.0133617031560298,2184
0.0130558289047559,2185
0.0135604110775165,2186
0.0139889956309647,2187
0.0132617042882537,2188
0.0132833097012765,2189
0.0137489468950903,2190
0.0143748636241626,2191
0.0139837185106965,2192
0.0148187636570257,2193
0.0145894511684995,2194
0.0144869934815676,2196
0.015575047289196,2197
0.0155394841751979,2198
0.0178380971570293,2199
0.0214328120507336,2200
0.0164438566716727,2201
0.013313597874786,2202
0.0135119434960899,2203
0.00658336753893766,2204
0.00384685861487145,2205
0.0150228186864809,2206
0.0127299581960472,2207
0.0118195442504185,2208
0.0064756579280402,2210
0.00628049938620256,2211
0.00892794412713574,2212
0.0100292752780587,2213
0.0177153942433397,2214
0.010964895022054,2215
0.0110428936707561,2216
0.00784332849829141,2217
0.00810882793831592,2218
0.00808437471694356,2219
0.0061961182691698,2220
0.00758079195927581,2221
0.00778817275784586,2222
0.00690834207469991,2223
0.00872315464474074,2224
0.00909569545481515,2225
0.00858012020958957,2226
0.00826101680209575,2227
0.00879114112536077,2228
0.00868382398058506,2229
0.00877659434915685,2230
0.00877312899219427,2231
0.00910390564803198,2232
0.00867352958087029,2233
0.00904713195442833,2234
0.00900602955160705,2235
0.00910897707882149,2236
0.0088300705010532,2237
0.00864404188916962,2238
0.00872042868630067,2239
0.0080981048777203,2240
0.00783447043091911,2241
0.00865496379458143,2242
0.00808331442930461,2243
0.0150707881245272,2245
0.0150746462964713,2246
0.0159458850074954,2247
0.0161774266735048,2248
0.0156479233610987,2249
0.0147755262011351,2250
0.0156245450733813,2251
0.00460274511779386,2252
0.0167391912335268,2253
0.00424353614306444,1614
0.00873772283203961,1615
0.00794785153868418,1616
0.0141552332056919,1617
0.0130811584681506,1618
0.0125972146328576,1619
0.0135421108868577,1620
0.0134661456468671,1621
0.0145087238267904,1623
0.0149627617108365,1624
0.0143232259526355,1625
0.00442768491418972,1626
0.00754191800585548,1627
0.00825518985715979,1628
0.00370996392433524,1629
0.0143849281326231,1630
0.0143189496668678,1632
0.0142005755127317,1633
0.0138909782264496,1637
0.00964981969400705,1641
0.00976681174444059,1643
0.00265686614299191,1645
0.0130461709252561,1646
0.00924722586311951,1647
0.00937495090121208,1648
0.00812704885170184,1649
0.00883924909917505,1650
0.00861863889958092,1651
0.00885844003049553,1652
0.00836153463413322,1653
0.00858578301184173,1654
0.00864639380033454,1655
0.00843151646158646,1656
0.00862617438554005,1657
0.0093403530631366,1658
0.0089689735003515,1659
0.00780056451949096,1660
0.00865544647334439,1661
0.00932772518619822,1663
0.00953410558563116,1665
0.00956175751728247,1667
0.0108333881874518,1668
0.0129731193736337,1669
0.00736733390519757,1670
0.00887207702515948,1671
0.00740044626239539,1672
0.00824067752773666,1673
0.00796437455138368,1674
0.00752303584076352,1675
0.00753367182998392,1676
0.00736011900763967,1677
0.00782188923882537,1678
0.00785650890092018,1679
0.00747017059024611,1680
0.0139645851626901,1681
0.0091021857041344,1682
0.0099337606950815,1683
0.00896332501958354,1684
0.00931272910990139,1685
0.00927452522760261,1686
0.00710473946602559,1687
0.00784035381567849,1688
0.00852722100533481,1689
0.00890864756979306,1690
0.00961245148977291,1691
0.00983017859074401,1692
0.00885397860527665,1693
0.00803909886774738,1694
0.0078469595083865,1695
0.00987552006771853,1696
0.00957458426612838,1697
0.0104944560287696,1698
0.0105167668117307,1699
0.0106542129480787,1700
0.0110593252746922,1701
0.010982991500829,1702
0.00273482585997736,1703
0.00928244864868961,1704
0.0113050838148668,1705
0.0111263850314443,1706
0.0108992091105586,1707
0.0108429339361543,1708
0.00830898890113595,1709
0.00771862160609591,1710
0.00866379276033091,1711
0.00728494837127456,1712
0.00718519816544054,1713
0.0108382181184619,1714
0.00873131211491706,1715
0.00509754596054351,1716
0.00619613731239642,1717
0.0192683929022339,1718
0.00992829826883564,1719
0.0118167985076641,1720
0.0114553223708263,1721
0.0118986592729261,1722
0.0120632358700177,1723
0.0112861843283475,1724
0.0144140133537285,1725
0.00862955194282351,1726
0.00601590640229846,1727
0.0114951493304944,1728
0.0122122275037146,1730
0.0130233852019555,1731
0.0124329907126908,1732
0.0123970717987466,1733
0.0124434333233947,1734
0.0123471413626492,1735
0.0123238443945556,1736
0.0121964774477412,1737
0.0113050883526317,1738
0.0117120332111535,1739
0.0123095092294603,1740
0.0119812703621132,1742
0.0111900695096056,1743
0.0104206332498951,1744
0.0159736689608813,1745
0.0139204439070952,1746
0.0146131948967075,1747
0.0137870975246299,1748
0.0104555015331774,1749
0.0134437120733313,1750
0.0139468726244048,1751
0.0139642302855698,1752
0.0138625915778337,1753
0.0140169851589903,1754
0.0130380451070632,1756
0.00239648125983383,1757
0.0139895897297316,1758
0.013455061273914,1759
0.011986511397396,1760
0.0130535126729502,1762
0.0127109558299174,1763
0.0124148602216391,1764
0.0124107031831881,1765
0.0124038336180534,1766
0.0126223616437703,1767
0.0125173814168022,1768
0.0125443364524977,1769
0.0125328345609573,1770
0.0117361828456195,1771
0.012533941767935,1772
0.0128317811848682,1773
0.0128410674125897,1775
0.0126406688346162,1776
0.0133063631819574,1777
0.0132746756329502,1778
0.0130955491767989,1779
0.0126918447440416,1780
0.0128060327832597,1781
0.0130014705200761,1782
0.0125708755572756,1783
0.0129583073061384,1785
0.0125955256884115,1786
0.010763196201873,1787
0.0127802204387759,1788
0.0134399558695805,1789
0.0138036745410055,1790
0.014259095144616,1791
0.0161423708434342,1792
0.00647632664388588,1793
0.0138892834723206,1794
0.0139112708392965,1795
0.0139958177065238,1796
0.0150202936168689,1797
0.0137188589774101,1798
0.013991946880901,1800
0.0154275464216283,1802
0.014670176758144,1803
0.00870567617786194,1804
0.0143787764118645,1806
0.0157051368608871,1807
0.014853133479267,1808
0.0144781352246438,1809
0.0144964266602335,1810
0.0154894329342917,1811
0.0143821502256743,1812
0.0141060060729222,1813
0.0135736294337452,1814
0.0121028739806396,1815
0.0142022842594363,1817
0.0145000256661781,1818
0.0139063709169462,1819
0.0140345595854076,1820
0.0137973651569389,1821
0.0136005328723505,1822
0.0127058628918295,1823
0.0126776415531239,1824
0.0120248660147626,1825
0.0124134281292648,1826
0.0123770918833168,1827
0.012832762406674,1828
0.0131706925585844,1829
0.0131909291352084,1830
0.0136901316155715,1831
0.0138448875410829,1832
0.0137518587870709,1833
0.0124104542191361,1834
0.0129134502846547,1836
0.00889438435534966,1837
0.0124060830946483,1838
0.0142226929145068,1842
0.0141708646302335,1847
0.0143454468576901,1848
0.0120574537376729,1849
0.0140629466950312,1855
0.0145370541470381,1859
0.0123825863150874,1860
0.0144201431820239,1863
0.0154072857394622,1864
0.0143540330386738,1865
0.0117923524637849,1866
0.0113038120553526,1869
0.0114910662296199,1870
0.012258733738534,1871
0.014403288461381,1872
0.0164076612944864,1873
0.0161782611155151,1874
0.0164641738707348,1875
0.0164831263394803,1876
0.0166186566559655,1877
0.0168108397222402,1878
0.016715732999348,1879
0.0175233105306975,1880
0.0169986749782451,1881
0.0124008364174366,1882
0.0165281376396524,1885
0.016600758964172,1886
0.0160527384085657,1887
0.0156927889004461,1888
0.0148807503062634,1889
0.0155938580145425,1890
0.0150100019568508,1891
0.0151729938726486,1892
0.0146450519437366,1893
0.0151703648215777,1894
0.0155525428892237,1895
0.0140415528309703,1896
0.0144472408459538,1897
0.0147121676531291,1898
0.0143383127246799,1899
0.0143040411533437,1900
0.0147106294629124,1901
0.0144937229473693,1902
0.0138522305763896,1903
0.0136016357352056,1904
0.0164265929252578,1905
0.00731111869230242,1907
0.00934793687190008,1910
0.0104831547960184,1911
0.0128945218052365,1912
0.0115561015341827,1916
0.0118778614096438,1917
0.012554669831266,1918
0.00852986359281653,1919
0.0116335390225889,1920
0.0144174700892271,1921
0.0105334826843786,1922
0.0128363147067506,1923
0.00790031650133294,1924
0.0106516163051183,1925
0.0126409006763979,1926
0.0124361122114791,1927
0.012523376815565,1929
0.00857254207660629,1930
0.0146134293889341,1931
0.0140278091862451,1932
0.0140281211625886,1933
0.0129481039221949,1934
0.0115735110538465,1935
0.0150752503124138,1937
0.0121401732447045,1938
0.0162576703043399,1940
0.00936008094225109,1941
0.0156402018762771,1942
0.0155608043305478,1943
0.0146464385788368,1944
0.0153720338537595,1945
0.0154187380861438,1946
0.0150517463257441,1947
0.0144928767368166,1948
0.0132746315259919,1949
0.0148991307538592,1950
0.0143254474900086,1951
0.00787869643416027,1952
0.0145307795980104,1953
0.0146457181122986,1954
0.014194696611024,1955
0.0141037218192551,1956
0.0140103817224844,1957
0.0139606372728706,1958
0.0141586700859052,1959
0.0124645610829945,1960
0.0127902023388027,1961
0.0139170799744533,1962
0.00822306437914961,1963
0.0150369140753363,1964
0.0146122152229002,1965
0.0147450032466325,1966
0.0141674991517785,1967
0.0160603721282135,1968
0.0141038777781652,1969
0.0135054215075863,1970
0.0122355154517595,1971
0.0132844833052514,1972
0.0127003724367272,1973
0.012851279294196,1974
0.0128636614131125,1975
0.0125603462230752,1976
0.0122064743389345,1977
0.0127386229882347,1978
0.0133234833329573,1979
0.0126201123658096,1980
0.013112449007183,1981
0.0131441131117481,1982
0.0139185776035728,1983
0.00312381519474791,160
0.00162169352285254,161
0.00296305190185407,172
0.22488708813274,178
0.001,248
0.00302465691674458,266
0.001241978869143,270
0.001,272
0.00425903681518308,279
0.00318888337915741,284
0.001,299
0.001,300
0.00364646972236169,301
0.0190117223649099,307
0.0175154949731545,323
0.00143188332049559,325
0.00499539700285433,326
0.00483716879722376,330
0.00242073865026083,345
0.0228574920710229,346
0.0489009229020983,355
0.00947951283537695,356
0.00331975689558025,359
0.0091378443459641,360
0.00413303461732645,372
0.0391604280121066,384
0.00112310397533734,434
0.001,437
0.001,457
0.0349038482556696,466
0.00123207882056656,512
0.0165176132215847,513
0.001,514
0.00154579941074139,515
0.001,516
0.001,517
0.00227609883831601,518
0.001,519
0.0010464014032824,520
0.001,521
0.001,522
0.001,523
0.001,524
0.001,525
0.0218795806715357,526
0.00772346363008756,530
0.00189477274718289,536
0.00250444720492518,551
0.001,552
0.001,553
0.0057474987866608,554
0.0696806937569497,572
0.035081267067306,577
0.00231287919519589,582
0.001,616
0.00886005265739526,642
0.00662159587456043,643
0.025156900382838,775
0.0149221978025973,777
0.0139436229252931,779
0.14181686270772,781
0.049242775404519,784
0.0259217563004045,790
0.0135734140739782,791
0.0156368798081823,795
0.0174552452689301,796
0.00174286206461457,797
0.00623942691079184,798
0.0108987265169971,799
0.0703667060317778,800
0.0075952249109364,801
0.0020590828843181,802
0.00643789183480993,803
0.0264285494802413,804
0.00560090052522831,805
0.00408878453658705,806
0.0134383631307917,807
0.0071135133729732,808
0.222003591626873,809
0.00429567328339164,810
0.0600807089486662,811
0.00729759449922191,812
0.493647443867338,813
0.350885207696688,814
0.310318426338234,815
0.181817577061694,816
0.0845325482930499,817
0.0104656722672006,818
0.0656620943206759,819
0.0724054378047957,820
0.0399630182696167,821
0.00149677213626692,822
0.0100425197393903,831
0.0237343289125208,836
0.001,845
0.001,846
0.001,882
0.00954837717107726,890
0.00353550155794132,891
0.00359429664162631,892
0.001,893
0.0347180927952456,894
0.0147905466928613,897
0.0111642891407577,902
0.00162160066843264,903
0.00230042290741439,904
0.001,905
0.001,906
0.0196341682787287,907
0.00613433646191204,908
0.00402024170205318,909
0.0264671518134578,910
0.0660187738851405,933
0.0608648455289013,934
0.0351817884961425,935
0.236348893196956,960
0.00750319647324371,963
0.00251391860879953,964
0.0878097387791598,965
0.0400862332633803,984
0.176534371630331,1079
0.0687991827588826,1080
0.0791937572394205,1081
0.0371880836914561,1082
0.854029329353665,1083
0.110902820743697,1084
0.0150344557263847,1085
0.0160329817306885,1092
0.237057069501662,1099
0.14492416701171,1100
0.255293295504676,1101
0.0366300594865759,1102
0.0137373967054947,1245
0.0189178607773702,1246
0.006299866020468,1247
0.015449288110464,1248
0.0156804575891072,1249
0.0213154092569712,1250
0.0177620612910974,1251
0.00740544214807229,1252
0.00153484879204933,1253
0.0181858054896696,1254
0.027072688645474,1256
0.0167096336062064,1257
0.001,1258
0.00861541853665402,1259
0.0101222127256223,1260
0.01625169551251,1261
0.001,1263
0.001,1265
0.0128116655171636,1274
0.00142012422187636,1321
0.00213331778629958,1322
0.00216971469073091,1323
0.0086355092699349,1324
0.0102108494639275,1325
0.0110153087467636,1326
0.001,1350
0.001,1351
0.00494049496473703,1352
0.0144012899255521,1353
0.00834061185410015,1354
0.0291333849122953,1355
0.00588089882681445,1356
0.0186320115524315,1357
0.00604220288694756,1358
0.0150551983826953,1359
0.0176238127659524,1360
0.0250563366737891,1361
0.0104883862877949,1362
0.0117543903102043,1363
0.01991163852114,1364
0.00889584750758299,1365
0.009574051161731,1366
0.00332146114815571,1367
0.0474535931619607,1368
0.0174029496591298,1369
0.0314607188544016,1370
0.0284300888244845,1371
0.0122885747724828,1372
0.00388773782409666,1373
0.00385561965748759,1374
0.0177906650031612,1375
0.00833291547661606,1376
0.721861197216629,1377
0.0292526460234379,1378
0.793952424631831,1379
0.077041561145947,1380
0.393921055675883,1381
0.697743751446957,1382
0.00964218914837234,1383
0.836899278441664,1384
0.0806729883427528,1385
0.0165485806976722,1386
0.0153746589150121,1387
0.0559268031307072,1388
0.0298095173242015,1389
0.0975672014951652,1391
0.0888730269790923,1392
0.119263321595103,1393
0.0264789291049768,1403
0.557125169055922,1415
0.0555134466006418,1422
0.0201701325719922,1465
0.0751483943351044,1508
0.0587708490782042,1519
0.622595036875082,1521
0.152071044156983,1522
0.016192827327254,1547
0.001,1584
0.00569650850875077,1585
0.001,1586
0.118173304030234,1606
0.001,1609
0.231702063816703,1622
0.123613533133452,1631
0.0106550168559474,1634
0.00248417272728144,1635
0.0756160240703418,1636
0.10439592631696,1638
0.042361656196729,1639
0.0387028095075506,1640
0.0152941585524073,1642
0.106340370560883,1644
0.0695284919630056,1662
0.0396054783663584,1664
0.0446332773568854,1666
0.035760990548735,1729
0.00719556872099326,1741
0.0184798522084034,1755
0.0337772902492825,1761
0.1014127863351,1774
0.035469679072274,1784
0.0168065600795881,1799
0.00188377113904902,1801
0.001,1805
0.00433079729796384,1816
0.00728480314533873,1835
0.0896185668224508,1839
0.0153270356956032,1840
0.0131353017605331,1841
0.00642944355013077,1843
0.0100307787552851,1844
0.00356072052376933,1845
0.00925446771519342,1846
0.0053316836248577,1850
0.0172765741146657,1851
0.0332203095744848,1852
0.00126388960702712,1853
0.00518865931152898,1854
0.0110021401546818,1856
0.00253351770693823,1857
0.177304432497174,1858
0.0175891364819542,1861
0.00406465897165356,1862
0.00237873086320384,1867
0.001,1868
0.0331034858666,1883
0.031245890344142,1884
0.001,1906
0.001,1908
0.00193110094837395,1909
0.001,1913
0.00925533635138216,1914
0.00255336956218893,1915
0.0447916907639079,1928
0.0454663773200972,1936
0.0117056407186049,1939
0.0760648195339059,2004
0.122451827104661,2031
0.0102540782773879,2032
0.106130496410413,2060
0.0175172145457171,2061
0.0304113746717289,2062
0.0712212719460293,2063
0.0416792580852023,2064
0.113503044512891,2065
0.0263767384889499,2066
0.011107049982737,2067
0.364731013609399,2068
0.0915507128730987,2069
0.0384824220731686,2070
0.00332546696906297,2071
0.288750953520988,2072
0.0135960077037995,2073
0.00393595951874742,2074
0.00799807704845286,2075
0.0202264146290915,2076
0.00767170008519443,2077
0.00397079430838359,2078
0.0117360389650749,2081
0.00433653864855465,2084
0.00124588433171539,2086
0.00509508147167184,2087
0.0103737381223811,2088
0.0313528228610434,2089
0.00407441080321194,2090
0.00858583620397948,2091
0.00154253479967424,2092
0.002339642047277,2093
0.0100726296382136,2094
0.0260586700938128,2099
0.0129245318517547,2100
0.0225638145007572,2112
0.0313624076910648,2113
0.0309566844608784,2119
0.011080055202845,2120
0.0145687634360459,2121
0.0182886214220971,2122
0.0171249227124698,2123
0.0304971130857464,2124
0.0574943962399017,2125
0.0050180371174974,2126
0.0335027945809156,2128
0.0112366986517134,2133
0.0125497319151819,2151
0.00243347731856462,2160
0.0444646251443313,2167
0.00443962932952563,2195
0.00235820132905328,2209
0.0172733682071406,2244
0.001,2255
0.00122721311181892,2264
0.14030038414903,2265
0.181059147035434,2266
0.0717858632616304,2273
1,2278
0.742269415750356,2285
0.0267874780180329,2337
0.0697135883297337,2353
0.00730768870333116,2356
0.915707449307183,2386
1,2387
0.113521682934672,2388
0.167703110055929,2389
0.126400157908974,2390
0.336834781037249,2391
1,2392
0.403794481937059,2393
0.71308912897668,2394
0.398779827021041,2395
0.36454044037295,2396
0.149155827033018,2397
0.747400684341639,2421
0.405847402799935,2473
0.0356968342858749,2477
0.844346218981531,2478
0.0505479453781027,2480
