0.0322310095435157,1
0.0293079146016901,2
0.0104635371711219,3
0.0395150572618186,4
0.0304536795569315,5
-0.00228409563282594,6
0.0371617157648947,7
0.0262425230679679,8
0.0203997215185963,9
0.00766819924770945,10
0.0245321342954925,11
0.00715823860336395,12
0.00704509160703015,13
-0.00559150615757864,14
-0.00191154726774312,15
0.0111940151579304,16
0.0140757247577394,17
-0.0154717471392017,18
0.0103843729822812,19
0.0166846463865533,20
-0.00493128327077197,21
0.0130423643530335,22
0.00590989097436778,23
0.0192013689115871,24
0.0174813273844034,25
0.00827325202551932,26
-0.00534258846835522,27
0.0147033889370405,28
-0.00471753476880932,29
0.00389460673708597,30
0.0309986936589282,31
0.0431480420486119,32
-0.000463488823067126,33
-0.00680460926837501,34
0.0185192250698272,35
0.00291275456219364,36
-0.0108870459174775,37
0.0124392166272858,38
0.00234791194935857,39
0.0249471889359967,40
0.0230485131082152,41
0.0175578038590976,42
0.0214197300370358,43
-0.0172826220152967,44
-0.00473577684583704,45
0.00856630442951123,46
0.0210666304589759,47
0.0487569702675177,48
0.0321019759004104,49
0.00327977495595344,50
0.00145445392171006,51
-0.00373952725517834,52
-0.0151030231115501,53
-0.00275424386245215,54
-0.00768090524672649,55
-0.00509485327640968,56
-0.000851513048226393,57
-0.00306413366187486,58
0.0136115225396731,59
-0.0174993040909897,60
0.0102725202825955,61
-0.00806717092195763,62
-0.0447376414062277,63
-0.0152092456891242,64
-0.0310040525510992,65
-0.0160624652772456,66
0.00655219372961025,67
-0.0147883074470304,68
0.0138484355615349,69
0.00623415551162143,70
-0.00347371722837575,71
0.00817157444118699,72
0.0105534277188204,73
0.00844642016346953,74
0.00344727579889215,75
-0.00383139615022632,76
0.00266507048473419,77
-0.0196670990326695,78
-0.0280778299686323,79
-0.0214959174310027,80
0.00874602885040887,81
-0.0476809500788558,82
-0.00276246454775275,83
-0.00247433884444626,84
-0.0210360492198416,85
0.00943718084845391,86
-0.0227540190895938,87
0.00194953417092902,88
-0.0035698276195919,89
0.00380393127737211,90
0.00211277266857279,91
-0.00863015625617913,92
-0.000895575306718466,93
0.00302318155348291,94
-0.00270226957227426,95
0.00145881914255153,96
0.00898249535220907,97
-0.00831611523312514,98
0.00647386483135937,99
0.00269435348294489,100
-0.0174596392275191,101
0.00327161123654962,102
-0.00345351383835202,103
0.0130676355678725,104
0.0178158392135692,105
-0.0463113075999109,106
0.00908241610682636,107
-0.00745505443358463,108
0.0211855631971591,109
-0.0116720573765162,110
0.0113672785382499,111
-0.00277660333636731,112
0.0108796895395646,113
0.0170928422722785,114
-0.00431688387465867,115
0.00557527443517025,116
-0.00757633555490878,117
-0.00643060074810442,118
-0.0122231111996322,119
0.000167118072214922,120
-0.0031118277328871,121
-0.00684940952506397,122
0.00706656448287601,123
0.00261483096173953,124
0.0114670256607803,125
-0.0181229700657252,126
0.0124802567385969,127
0.00623469281513644,128
0.00962894091483335,129
0.0072364537560925,130
0.0179273877555313,131
0.0240681273303645,132
-0.00365052883605099,133
0.00334120958971762,134
0.0067198133318831,135
0.00674817368435954,136
0.0140738355333216,137
-0.0204122863937704,138
-0.00285759126037788,139
0.00357401492908105,140
0.00468486644829036,141
-0.0020061420301557,142
0.00751905712974477,143
0.000257624441615256,144
0.00386182470403806,145
0.00481518238639445,146
0.021039771123831,147
0.021818474643424,148
0.0502773760041819,149
0.0335761536787464,150
0.0152495971753859,151
0.0203259087655423,152
0.00592119199317409,153
-0.00433221399015959,154
-0.0252553910703252,155
0.0164973229707808,156
0.0134676964228353,157
0.0128663282247836,158
0.000239112236982919,159
0.00818996733132948,162
0.0192592441856749,163
0.0176346781355508,164
0.00487283408032324,165
0.0102314754047432,166
0.00986094987338482,167
0.0298685768277072,168
0.0211816264436113,169
0.0214641415834893,170
0.0323494906102315,171
0.0289110008695688,173
0.0218093012051606,174
0.0189453999110496,175
0.0076783287738651,176
-0.00342455588239565,177
-0.0153501297186921,179
-0.00158419844223656,180
0.0124736495135711,181
0.0186484078179703,182
0.00725649508051984,183
0.00164933907359632,184
-0.0100809942556022,185
-0.0166561909153268,186
-0.008496334347743,187
-0.0186112639779829,188
0.010796980366677,189
-0.00989659540993748,190
-0.0147515348512942,191
-0.00695576946521692,192
-0.0102411835320051,193
-0.00963198233270923,194
0.01505220461269,195
0.021798911794795,196
0.0290259542936289,197
0.025319302998047,198
0.0234368610312714,199
0.0146295034642401,200
0.0210830864958615,201
0.0135605962255083,202
0.014273823097257,203
0.0185235333617753,204
-0.0028892018569161,205
-0.00426885999993498,206
-0.00663939930239976,207
-0.0100234975500493,208
-0.00437624991851271,209
-0.0113985216291934,210
-0.00761982004208184,211
-0.00610684198230804,212
-0.0212398354755005,213
-0.0075043184472815,214
-0.0056321973806559,215
-0.0194591277780102,216
0.0139332025322338,217
-0.0125470052759498,218
-0.0132001293834654,219
-0.00346185773043695,220
0.00376525254836624,221
-0.00997245463035745,222
-0.00231613534084818,223
0.0075312663770688,224
-0.0212001732680354,225
-0.0039288993496891,226
-0.011714740779125,227
0.0234440993790228,228
0.00130946703655055,229
0.0163079716609054,230
0.0110742426424557,231
0.0136131647160973,232
0.00988537821499769,233
0.00517654879873497,234
0.00236486288278082,235
-0.00335781421674386,236
-0.00396008041771967,237
-0.0102126071171169,238
-0.0148841613913339,239
0.0063472867387393,240
0.00360723635723614,241
0.00564963881620417,242
0.00494983012621608,243
0.00849726290694708,244
0.00790214035437553,245
0.0219584119797769,246
0.0255372288274718,247
0.023134946703163,249
0.0261535201003347,250
0.00152145948895899,251
0.012666332541126,252
0.0250888914523217,253
0.0562085580540932,254
0.0431342571609603,255
-0.00221201315325747,256
-0.0661979798206638,257
0.0161779300946536,258
0.0430153720744526,259
0.0363162700053521,260
0.0327033379026027,261
0.0109036353464813,262
0.0189507422771784,263
0.029309953595704,264
0.0235059655582033,265
0.0111142954190333,267
0.0294820779846705,268
0.0369925440213335,269
0.031281827393536,271
0.0314531517457184,273
0.0556935391439934,274
0.0408034645095505,275
0.0407503878687354,276
0.0167835232233966,277
0.0302510878767606,278
0.0176757381653045,280
0.0128206168251599,281
0.0211020006749547,282
0.0211313032192775,283
0.011317920551039,285
0.0440077481181007,286
0.0481389223721949,287
0.0299865656129512,288
0.0286858800011296,289
0.0272475258692206,290
0.0361910225588173,291
0.0298315533673619,292
0.0390360881434646,293
0.0134643862963388,294
0.0282962186928915,295
0.0210364076341047,296
-0.000979043048944472,297
0.0393060481380276,298
0.0330115906062951,302
0.0104868219518033,303
0.0174700356702902,304
0.0440717368953807,305
0.00770733301814608,306
0.0387872114383001,308
0.0147673106077535,309
0.0397890952865041,310
0.0201877946118361,311
0.013354525025653,312
0.0049637413230923,313
0.0129880263681099,314
0.00923507693479331,315
-0.00121443055831261,316
-0.00658405706257248,317
-0.0180652020565822,318
0.00502454034114597,319
0.00658392425075682,320
0.00662885437185001,321
0.0145915306563389,322
0.0227273945193864,324
0.0466663176162154,327
0.0342722923913001,328
0.0213505827412812,329
0.0243530337405466,331
0.0136977773235107,332
0.0116384334907396,333
0.0434946248405155,334
0.0187928053734199,335
0.0193579491420131,336
0.0236030448848903,337
0.00491083345847243,338
-0.00581162530902035,339
0.00877713171188255,340
0.00445100315567903,341
-0.00282178450407555,342
0.0173008458484534,343
0.016528855404474,344
0.0231016436603617,347
0.0176514383570892,348
0.0107573210173331,349
0.0208575714975234,350
-0.00238032003410382,351
-0.0196499337113298,352
0.0127850540164791,353
0.0278889254192356,354
0.0753590710137506,357
0.0518380293886556,358
0.0195543895139569,361
0.0225948394701603,362
0.0199481390020246,363
0.0217889816882106,364
0.0223025027092407,365
0.0217294194146642,366
0.0235189558906561,367
0.00822698029885394,368
0.0104959118659533,369
0.0216327150193854,370
0.0334367110296037,371
2.43730944009535e-05,373
0.0106893877223351,374
0.0108799123439871,375
0.0118749977370529,376
0.00683541855215553,377
0.0292544986011423,378
0.00673971199641521,379
0.0165890718288273,380
0.0473288934282312,381
0.0286025075922218,382
0.0184524230612415,383
0.00390206067274246,385
0.0149533969527207,386
0.00234744087591854,387
0.00467536990672635,388
0.00740941484025037,389
0.0161726019166517,390
0.0143343192518464,391
0.0102302050860585,392
0.0100547942683775,393
-0.0203203324138999,394
-0.00156373787866249,395
0.0039371273673896,396
0.00930460713056203,397
-0.00820278454946699,398
-0.0112086166149022,399
0.00588962144980232,400
0.00252841619455824,401
0.0113868839858826,402
0.00914755795355804,403
0.00528736411309438,404
0.0120511170501965,405
0.0119272620241579,406
0.0150504558018691,407
0.0129595168389083,408
0.018997706547573,409
0.0296071218837002,410
0.000316896643365761,411
0.0180782043999002,412
0.000114491062139122,413
0.00682917748456191,414
-0.0445769343252069,415
0.0067294429261664,416
0.0234973132845009,417
-0.0263955644215166,418
0.000102849381885095,419
0.045531277090602,420
0.0481418933015558,421
0.0620965414857528,422
-0.0013345385561877,423
0.00144417531173802,424
0.007372228066306,425
0.0268038925414071,426
0.0061853492631152,427
0.0140344267172334,428
0.00591779528257219,429
0.000819397905608588,430
-0.0211869754665295,431
-0.0114250757549766,432
-0.018025253490268,433
-0.00977787447863931,435
0.0106466752635679,436
-0.0185283752173296,438
0.0171614017591355,439
0.00548639905976001,440
0.0123818723494264,441
0.0142519893957949,442
0.0101883114888071,443
0.0349701548890966,444
0.0262523162489812,445
0.0316178141091652,446
0.0283347490059693,447
0.0142508505643224,448
0.016583446912994,449
0.00373258787257758,450
0.0266297591998224,451
0.0519012067679898,452
0.0225268808368158,453
0.0342063446948677,454
0.0104951678992959,455
-0.0329033847320925,456
0.022519185955028,458
0.043870527750103,459
0.0382657777825859,460
0.0316204552095072,461
0.0373366552820098,462
0.0338793886226383,463
0.000720144551447088,464
-0.00139088200862081,465
0.025351268933554,467
0.0195966885618279,468
-0.027515811247859,469
0.0121113622994931,470
0.0165744437561679,471
0.00577534158231519,472
0.0288225184323336,473
0.0372448438154813,474
0.0455855095004738,475
0.0464784322629654,476
0.0553953766394697,477
0.115442945200258,478
0.0142242612460282,479
0.0180731430692316,480
0.0174721059539285,481
0.00954178414574525,482
-0.00975754429137998,483
0.0199162944031124,484
0.00872932315323949,485
0.00751639589458497,486
0.0181809848644361,487
0.0160605325113543,488
0.0274550518063286,489
0.00773279177505803,490
0.00873511153641715,491
0.00346759380417194,492
-0.000811103415365166,493
0.00921347778462245,494
-0.00476203365866812,495
0.003616425402031,496
0.00582168003279171,497
-0.00662844855648848,498
-0.0128979020175853,499
0.0103378904026548,500
0.0360634977046301,501
0.0358430644096517,502
0.0234778580168959,503
0.0200153908565877,504
-0.00695117314315785,505
-0.00949801444389053,506
0.0151857599060397,507
-0.00530487259894818,508
7.22976996592184e-05,509
0.0294431177067596,510
0.0156841419802289,511
0.0234538026619771,527
0.0362133603329526,528
0.0147757692648629,529
0.0452754649920646,531
0.0328289112498241,532
0.0690138280102648,533
0.0435322749070117,534
0.0397964132522641,535
0.0322050818336426,537
0.0335340923630263,538
0.0199457154103329,539
0.0304004415645587,540
0.0329693017790194,541
0.0294173905288424,542
0.0357040725803761,543
0.0220077761381501,544
-0.0130547392012264,545
-0.00713577168525747,546
0.00168779340311098,547
0.018900395230762,548
0.0562167153954605,549
0.0284521307581458,550
0.0436145863929764,555
0.0401303660917887,556
0.0324286354076659,557
-0.00168296086826369,558
0.0347513047548429,559
0.0435390195691301,560
0.0451824416109752,561
0.0122675412257236,562
0.126123689857915,563
0.0583413910426283,564
0.0307097273472083,565
0.0636821988647627,566
0.0367768748087485,567
0.0240881742533712,568
0.0320036232124861,569
0.0743522267746091,570
0.0298644063262168,571
0.031096641424925,573
0.0430636712018948,574
0.0235870040434727,575
0.0244459482373347,576
0.00767372371360686,578
0.0359717234958397,579
0.0183262696251991,580
0.0426259270209515,581
0.0261498314689346,583
0.0522919625069409,584
0.0177238151988557,585
0.0228826251396956,586
0.0314508614304547,587
0.0171583706764165,588
0.0388158257478461,589
0.0307155516106223,590
0.0396460230237643,591
0.0295589415506932,592
0.0303923708148564,593
0.02983459569513,594
0.0243005739128836,595
0.0214171573096511,596
0.023722771630035,597
0.0427393446914888,598
0.0304134656732331,599
0.0268480700823976,600
0.010135126541678,601
-0.00422701897621225,602
0.0250358252087468,603
-0.0224093312104371,604
0.0122119957595714,605
0.0101503855775114,606
0.0232421911352518,607
0.0181374005334298,608
0.0377590583187852,609
0.0390291046623252,610
0.032880185884111,611
0.0381450892732664,612
0.0234441223911579,613
0.0694692730651525,614
0.031629109811173,615
0.0493276445137032,617
0.00750054519843846,618
0.0449101986354681,619
0.0540060492166139,620
0.0438415349865433,621
0.0248829096622223,622
0.0347390661706128,623
0.0125312780742537,624
0.0113468191184898,625
-0.00288653974582453,626
-0.00055081110555788,627
-0.00678160514391257,628
-0.017579280994597,629
-0.0136152475944658,630
-0.0730155131738013,631
-0.00211647917020819,632
0.0119776665748741,633
0.00483583306553226,634
0.0093043849926957,635
0.0109925055399807,636
-0.00203462834558932,637
0.00941298466368368,638
0.00187814320071134,639
0.00949431698561409,640
0.0211978945652997,641
-0.0185974331459275,644
0.00487933091705828,645
0.00472391456958121,646
0.020783207418779,647
-0.000598073462067972,648
-0.000588452238395876,649
0.0604530196368049,650
-0.00236777305229174,651
0.0214104567268478,652
0.0354378926176251,653
-0.00218704321611296,654
0.00959424608270099,655
0.00637953548469294,656
0.0163867554840074,657
0.0120704140771248,658
0.00918745426190393,659
0.0262538653035433,660
0.0244637221840962,661
0.013246528141331,662
0.0226503137443046,663
0.0224042843488454,664
0.0268751051555209,665
0.0116338214367926,666
0.012463367029957,667
0.012673734959908,668
-0.000124375459752524,669
0.00681222423224703,670
0.00114230821699146,671
0.0250672393282472,672
0.0137392007723205,673
0.0140755333533016,674
0.00125136593529973,675
0.011951646774234,676
0.0082666421975679,677
0.0109374665397772,678
0.0157101379768769,679
-0.00385750804433549,680
0.00901438481206052,681
0.00943173226937555,682
0.00626518464065118,683
-7.02175818799722e-05,684
0.00592691222517505,685
0.0222664735090299,686
0.0211917005167661,687
0.00456303987666917,688
0.00585180766902393,689
0.0155466030565417,690
0.0110361031309703,691
0.00886856060976648,692
0.00982154311825068,693
0.00129141224616913,694
-0.0146444084222648,695
0.000279696787663264,696
-0.0159274673463936,697
-0.00672512273691439,698
-0.00045118377229425,699
0.0119551564554217,700
-0.00181035393022566,701
0.00982677240449759,702
0.00500262873274382,703
0.00991235074481001,704
-0.00259953437050331,705
-0.0065078674564556,706
0.0169979671728344,707
0.00779276683989405,708
-0.00591873583108948,709
-0.0220273666669573,710
0.021914204166243,711
0.00283025057391617,712
0.0159726572987047,713
0.0101731364075774,714
0.002792786151667,715
0.0162979633191591,716
0.0280258293798736,717
0.0290160894549629,718
0.0392360725456491,719
0.0355078570887948,720
0.039895809311518,721
0.0328022845874665,722
0.0315652213037847,723
0.0264854756075732,724
0.0199678708111575,725
0.0126406103124141,726
0.024181773226478,727
0.0216095477189124,728
0.0356107739411105,729
0.0484357293979991,730
0.0450060116009026,731
0.0116757536493119,732
0.0306676732326405,733
0.0225061011783332,734
0.0241941733053428,735
0.0206834172478709,736
-0.0209159154643966,737
0.000327057718584989,738
0.0325022122492544,739
0.0331294679324672,740
0.00966699981280361,741
-0.0140069740212432,2254
0.00143043270130283,2256
-0.0485606609845906,2257
-0.0483578695201088,2258
0.00625369219032468,2259
0.0278712112005886,2260
0.0346922177378628,2261
0.00350770631723907,2262
-0.0094114965312122,2263
-0.0427426122914171,2354
0.120928672031126,2355
0.0494428028933862,2357
0.047542409602507,2358
0.0657251545953066,2359
0.00865959627205415,2360
0.0490605078567947,2361
0.0609148301149696,2362
0.0494881451971381,2363
0.0672766113593339,2364
0.0513172572251543,2365
0.0353236375638957,2366
0.0436959390159037,2367
0.0370351846248749,2368
0.0413410754217225,2369
0.0399570717359021,2370
0.0626214661259468,2371
0.0668968999394033,2372
0.050245214871091,2373
0.0456293621084474,2374
0.0435167053519596,2375
0.0683911743954082,2376
0.0173259494169353,2377
0.0821433518281622,2378
0.12306192435729,2379
0.0686630236424004,2380
-0.0053393936832925,2381
0.047668120793473,2382
0.0102097328856652,2383
0.0497244532393379,2384
0.0488338238362642,2385
0.118092101004178,742
0.0424813985688695,743
-0.00624758798058689,744
0.0405948512810836,745
0.0256105959270734,746
0.0115691612979569,747
0.00991496592318031,748
0.0108920119085021,749
0.00916328328656779,750
-0.012222622288751,751
0.037728544873326,752
0.0191659474377424,753
0.0385461872749275,754
0.00394778718398148,755
0.0152770680994163,756
0.0191503155488657,757
0.0163697183201779,758
0.0288524084255082,759
0.0261981355635126,760
-0.0112789886558567,761
0.0334443457033873,762
0.0301360465294931,763
0.0274064037255619,764
0.0220265390879149,765
0.0170950492602493,766
0.0229842694272691,767
0.0400298526981289,768
0.0283316135347793,769
0.0263893422687438,770
0.0402122663075259,771
0.0368029038185307,772
0.0475416277194456,773
0.0390784202997545,774
0.00943103277981838,776
0.00651493674134818,778
0.0283301181016355,780
0.0308016677880252,782
0.0138746717985623,783
0.00486374345875906,785
0.0220372195071536,786
0.00629990646487211,787
0.0147579119616945,788
0.0180361879944932,789
0.0167178441437024,792
0.0405753418276951,793
0.0279830913154633,794
0.0545210238919631,823
-0.00393977474514084,824
0.00125398472500171,825
0.00659084283609079,826
0.0242568509382992,827
0.0169898798355423,828
0.00389456428393387,829
0.0240879024847205,830
0.0154491975945033,832
0.0027252438879839,833
0.0198798099558455,834
-0.0251301158810906,835
0.015944841582078,837
-0.0224880042074908,838
0.0351619084988648,839
0.0117934535729047,840
0.00749386391122719,841
0.0208364079565773,842
-0.027040112735814,843
0.010041317544361,844
0.0169493657090121,847
-0.0218804119724438,848
0.022051336902039,849
-0.00611113681967113,850
-0.00452646896878695,851
-0.0190291624700832,852
-0.025046752050275,853
-0.0878680890525785,854
-0.0394680710304238,855
-0.0153735010692033,856
-0.0399557023285744,857
-0.0197172387799803,858
-0.00513755723889209,859
0.000785862521738512,860
-0.00075797285342194,861
-0.000576562880935105,862
0.000129077679140721,863
-0.00356524713528183,864
-0.0137496558164631,865
-0.0618519839700802,866
-0.0639550823950108,867
-0.0695172252573437,868
0.0193178276415256,869
0.023808993253478,870
0.0406228933062058,871
-0.0375061887032125,872
0.0279233571903357,873
-0.0147129187895957,874
-0.0279062215560032,875
-0.0145728461419121,876
0.0526598704487999,877
-0.000584045611135342,878
-0.014008104919337,879
-0.0178072079771145,880
0.0182908588363033,881
0.0164088254147661,883
0.0108389230899759,884
0.0378665000431591,885
0.0253905053041397,886
0.0273043724923618,887
0.0115536854726335,888
0.0225411121415942,889
-0.0445192526464514,895
0.0109180744820914,896
-0.0613282705652902,898
-0.0281206257698953,899
0.00687576916671984,900
-0.00759307123903741,901
-0.018884178049102,911
-0.00811704087177312,912
-0.0629425816868782,913
-0.0272627658654468,914
-0.0500600512447195,915
-0.0222985294797924,916
-0.0101534231907193,917
-0.00976536266299033,918
0.00161206887972121,919
-0.0025792477835811,920
0.0102846915244461,921
-0.0815246642257861,922
-0.120819660145093,923
-0.0435439702266063,924
-0.0848254402485606,925
-0.0495390256454687,926
-0.0443367725652865,927
-0.0472938418241583,928
-0.0251884651007686,929
-0.00601735183809748,930
-0.00470567094463703,931
-0.3147076931771,932
-0.0863146780853269,936
-0.0186365179251801,937
-0.0313353344091959,938
-0.0412018968291512,939
0.0098304617004088,940
-0.0146296745001908,941
0.0124719057478764,942
-0.000144484968054082,943
-0.012538027224394,944
-0.0140472338924265,945
-0.00815159615770522,946
-0.0122367594811292,947
-0.0191799491143746,948
0.00625039023922769,949
-0.00010055405621634,950
0.0243007611917492,951
0.0149337582142861,952
0.0305140278740175,953
0.0487131828010263,954
0.0219510950749162,955
0.0442987510231412,956
0.0330527596320809,957
0.0243617807968024,958
0.0458008670426748,959
0.0325978350448641,961
0.0017313093179685,962
0.0232271350868885,966
0.00910364883225845,967
-0.0236574649813661,968
-0.0345128539563638,969
0.0142077043175248,970
0.0316806125465152,971
0.0454346900649565,972
0.0210961867182333,973
0.0248548111745208,974
0.0157526334148279,975
0.0163762692871467,976
0.0175205119890907,977
0.0123953638252192,978
-0.00391224890155373,979
0.0063701199824191,980
-0.0107914697443285,981
-0.0152844337249788,982
-0.00488271735366574,983
0.00968628223164214,985
0.0822610301449223,986
0.00823799485664023,987
0.0298597341780114,988
0.0238840172383517,989
0.0323683253906646,990
0.0284819967576604,991
0.0251410242303463,992
0.0243510900906088,993
0.0337833198559381,994
0.0435791367844514,995
0.0322257663528298,996
0.0546860646431393,997
0.0431273325256274,998
0.0255462196431515,999
0.0230287946963152,1000
0.0261568091169537,1001
0.0223767533067363,1002
0.0270443667229305,1003
0.0178292797086934,1004
0.0240411785514001,1005
0.00791034811714741,1006
0.0179877866412992,1007
0.0383250792380301,1008
0.0293651015235452,1009
0.0321049691908692,1010
0.0260575506884249,1011
0.00685867417657282,1012
0.0297140600045502,1013
0.0322460890309459,1014
0.02835284572831,1015
0.0157052636787753,1016
0.0227204382677855,1017
0.0149895593367428,1018
-0.00372041008369617,1019
0.0243933499150615,1020
0.0125410935511652,1021
0.00909288650741846,1022
0.00570457502348765,1023
0.0186192137464793,1024
-0.00305607290088072,1025
0.0190596857207259,1026
-0.00819941254078127,1027
0.0513246255356892,1028
0.0545483606457948,1029
0.0547850395739256,1030
0.0646056107714064,1031
0.0464280145004177,1032
0.0498510093442825,1033
0.0499208219874416,1034
0.0456606846177428,1035
0.0597739700586,1036
0.0380460744490527,1037
0.0462627843313776,1038
0.0426362563452118,1039
0.037439619539134,1040
0.0224973221452773,1041
0.0406419118338079,1042
0.0391526748871271,1043
0.0415142223686851,1044
0.0463605394662701,1045
0.0582101734906213,1046
0.061790833758981,1047
0.0813508247565391,1048
0.0351861662738362,1049
0.0497729648578076,1050
0.0450311966491062,1051
0.0518366028585824,1052
0.0318112840339215,1053
-0.0134882699449903,1054
0.0467529672912474,1055
0.0382826963758831,1056
0.0577265993243206,1057
0.0414560890763747,1058
0.039200104358641,1059
0.0499126804210741,1060
0.0437677866294868,1061
0.0389312443114063,1062
0.049720850494136,1063
0.0399011159758251,1064
0.0301574337852861,1065
0.0225841269120961,1066
0.037196745043637,1067
0.0111436257977422,1068
0.0265979753628356,1069
0.0287588403157193,1070
-0.00630428955921747,1071
0.029321794573119,1072
0.00753901196044482,1073
0.0564976102716825,1074
0.0436581794216024,1075
0.0380638097550401,1076
0.0533199301454939,1077
0.0475720121977603,1078
0.0205045838393492,1086
0.00809561530836533,1087
-0.0105272035990565,1088
0.000669111031364356,1089
-0.0139559333826065,1090
-0.019759256444967,1091
-0.0223319148875958,1093
0.0175899438540881,1094
-0.00993307205212191,1095
-0.000164605885179636,1096
0.00782143903068255,1097
-0.00955074272456358,1098
0.0217287865781788,1103
0.0120786676780102,1104
0.0126134927684169,1105
-0.00779097370501081,1106
-0.0270075598083358,1107
0.0206345896740125,1108
0.033745645135467,1109
0.0316076868044175,1110
0.0359236170450203,1111
0.029015455195657,1112
0.0340221446249347,1113
0.0383295892723541,1114
0.0316735988343047,1115
0.0322546493512066,1116
0.0333941108345115,1117
0.0291728054545159,1118
0.0286634050637447,1119
0.0306805614822501,1120
0.0278597780185177,1121
0.0499429481345441,1122
0.0366925229525417,1123
0.0449631711565375,1124
0.0318222631706753,1125
0.0479460536344503,1126
0.0425285274429605,1127
0.024265872560423,1128
0.00871802722505577,1129
0.0102908292712136,1130
-0.006557546271029,1131
-0.0237131137001554,1132
0.0588558509857464,1133
0.0198224176972068,1134
0.00142074765922739,1135
0.0287298794056132,1136
0.0265941128658109,1137
0.0305788691149804,1138
0.0249579528222965,1139
0.0162529041301538,1140
0.0320936479283811,1141
0.0364150224519186,1142
0.0298222996010102,1143
0.034829751678392,1144
0.024011754752276,1145
0.0298341933623312,1146
0.00674208991733161,1147
0.0142106843279799,1148
0.0411400136687907,1149
0.0322301746679705,1150
0.0172720317714803,1151
0.0341191952912923,1152
0.0203982603662134,1153
0.0330322283533826,1154
-0.00561348293658748,1155
0.0363051803270957,1156
0.0098353234813322,1157
0.0147828316532042,1158
0.0289332319801094,1159
0.058607399582927,1160
0.00962199651044848,1161
0.0205130939770517,1162
-0.00894430035526017,1163
0.021017044769265,1164
0.00940212387597406,1165
0.00571023720650876,1166
0.0166550010761872,1167
0.0128563795846925,1168
0.0346406735880589,1169
0.0214322165956269,1170
0.0203866494238529,1171
-0.0352141721242082,1172
0.0190379183126934,1173
-0.00122249451313294,1174
0.0193612901643243,1175
0.019043222696657,1176
0.0286398894091004,1177
0.0216684421754358,1178
-0.0201555247829905,1179
-0.0205099538148672,1180
-0.0217749073670027,1181
-0.00401401969655024,1182
-0.00935129141293933,1183
0.0126288927224456,1184
-0.00235692247741892,1185
0.000977851804738084,1186
0.0197368330338743,1187
-0.0104941020910716,1188
0.0108531753186945,1189
0.0189028003026706,1190
-0.0214507142152169,1191
-0.0142959690773575,1192
-0.030235563088457,1193
0.0416877278107308,1194
0.031746802862465,1195
0.026022761268232,1196
0.0468243721791175,1197
0.0393368466956825,1198
0.0485441836644955,1199
0.0290288375641929,1200
0.0385803255098729,1201
0.0519681265948237,1202
0.0582588118705021,1203
0.0420053397319855,1204
0.0588198412510144,1205
0.0429666853987805,1206
0.00415262639210501,1207
0.0290054207193426,1208
-0.039539795912413,1209
0.0237444546289567,1210
0.0162382543440287,1211
0.0048078976462067,1212
-0.0102785735512401,1213
-0.0341660297652899,1214
0.025322224614122,1215
0.0338859941624188,1216
0.0320986103891066,1217
0.0353636788202298,1218
0.0332443926654504,1219
0.0268234702946752,1220
0.0467492472435185,1221
0.0538990374600445,1222
0.0490848658733758,1223
0.0318364097971136,1224
0.0332130219530515,1225
0.0400525325872769,1226
0.0313006931194384,1227
0.0211048240135923,1228
0.0453067531631142,1229
0.0339817308243471,1230
0.0478942862777516,1231
0.0489927686485447,1232
0.0431309675000191,1233
0.0392932167335567,1234
0.0337201428522407,1235
0.0324795851789361,1236
0.034880409042473,1237
0.0115996615913385,1238
0.00965512254733181,1239
-0.0801544719646774,1240
0.0496102258190267,1241
0.00933664050532568,1242
0.00950833679614616,1243
0.0352254318561831,1244
-0.0165059683356236,1255
-0.0447197698842838,1262
-0.0224805662694966,1264
-0.112792348714193,1266
-0.0111545341136632,1267
0.0411450073039437,1268
0.0453441622148856,1269
0.0270611045896074,1270
0.0098839957372403,1271
-0.00560856809479604,1272
0.00906114873842667,1273
0.0159381031505814,1275
0.0082568011609998,1276
0.0115632916873933,1277
0.0118654846171586,1278
0.00760304146524748,1279
-0.00133109055325398,1280
0.0127884415599429,1281
0.0128872544960283,1282
-0.0167373419214081,1283
-0.0157192898348471,1284
0.00144890254932428,1285
-0.0093041875860379,1286
0.013630807988541,1287
-0.0266053699934871,1288
0.00406984030850421,1289
-0.0154958015117953,1290
0.0051855330424293,1291
-0.00540014139902489,1292
0.0119389698254575,1293
-0.0241409171353054,1294
0.000490583017767277,1295
-0.00448485421862732,1296
0.00605076888551626,1297
0.0100239355986544,1298
0.011738370590862,1299
0.0108834653218968,1300
0.00935763988920746,1301
0.0151792788300944,1302
0.0169520465907582,1303
0.0298904308810797,1304
0.000518166721323654,1305
-0.0115723616476254,1306
-0.0184365001212102,1307
-0.0183130013755103,1308
-0.0126367015794195,1309
-0.016365012556016,1310
-0.0534369013569918,1311
-0.049403719751239,1312
-0.0781728174395427,1313
-0.0211558537004657,1314
-0.0764336693946169,1315
-0.120079124679249,1316
-0.0894254583350338,1317
-0.0377936734229325,1318
-0.0659638749738963,1319
-0.0542795029471252,1320
-0.0523354780509281,1327
0.00110425941696901,1328
-0.0423488004199377,1329
-0.018890632777269,1330
-0.0584389794421555,1331
-0.0168777735132951,1332
-0.0546002834370937,1333
0.00516187084619113,1334
-0.00924163869371464,1335
-0.0279729559160956,1336
0.0150280311888851,1337
-0.0515337925690644,1338
-0.0137525383154805,1339
-0.0197309576803185,1340
-0.0183738655957183,1341
-0.0306116478260198,1342
-0.0264504368967934,1343
0.00450674407598584,1344
0.0167602392488548,1345
0.0149902318499913,1346
0.0226342233363488,1347
0.0231829352169315,1348
0.00920057994146184,1349
0.00712283501602551,1390
0.0370743233516708,1394
0.0196454530859698,1395
-0.0110428307084947,1396
0.00185211741925428,1397
0.0146601538515412,1398
-0.00771184466668773,1399
-0.0056556113558951,1400
0.0148056985807876,1401
0.0220211346512584,1402
0.00166806237991923,1404
0.0278403377159089,1405
0.0188627641020225,1406
0.00839096102225123,1407
0.00219345311587182,1408
-0.0223450624076592,1409
-0.00851395398963728,1410
-0.0366244830195807,1411
-0.0384833050651661,1412
-0.0473085246448446,1413
-0.0818206235419131,1414
-0.0430239521867924,1416
0.0138370641705479,1417
0.00879948592474733,1418
-0.00200097547705713,1419
0.00910853458691685,1420
0.017974593514634,1421
0.018494380941473,1423
0.0158896381428384,1424
0.0183034144050926,1425
0.0140572674918999,1426
0.0124868326286294,1427
-0.0161420010680846,1428
0.0165864004018572,1429
0.0339831647292184,1430
0.00451099552280998,1431
0.0240213213743934,1432
0.0257951309594189,1433
0.0157186708787158,1434
0.020536215147918,1435
0.025440042444288,1436
0.0170768110277242,1437
0.0509666157322164,1438
0.0345364322590171,1439
0.0274739085406939,1440
0.0259505265191553,1441
0.02353156255231,1442
0.0422524392188222,1443
0.0244952249736976,1444
-0.0238885267484996,1445
0.0272945156879132,1446
0.0210823109687628,1447
0.0270628667085671,1448
0.0294950292374585,1449
-0.0307342318850835,1450
0.0408507560942788,1451
0.0348798272960624,1452
0.0458437083765086,1453
0.0377413033558724,1454
0.0260524149162584,1455
0.0421508167363609,1456
0.0258086008266099,1457
0.0102366082748138,1458
0.0243650504789379,1459
0.0376079051436913,1460
0.0258148627137127,1461
-0.0264277220204343,1462
-0.0298936537089239,1463
-0.0604566938935144,1464
0.00120606235959109,1466
0.0206481109790158,1467
0.0263292037271479,1468
0.0635307261859051,1469
0.0369421120676598,1470
0.0588035816125343,1471
0.0370522145439633,1472
0.0317256951412961,1473
0.0347949405443944,1474
0.0708342042369461,1475
-0.00223284275919944,1476
-0.10065875314026,1477
-0.00744040528072487,1478
-0.0103531445565125,1479
0.068021856210208,1480
0.0282997712017183,1481
0.0114977803346661,1482
0.00780335522029518,1483
0.019523798218781,1484
0.0201729622602322,1485
0.0290629481951394,1486
0.0111854819382813,1487
0.0200670253995323,1488
-0.000396153974220548,1489
0.027893895250622,1490
0.024628068344791,1491
0.0367307103293624,1492
0.0425254872202356,1493
0.0113568228495506,1494
0.00333561802539051,1495
0.00638637233076911,1496
0.000367860761432581,1497
0.0141514257915143,1498
0.018007663857861,1499
0.0118562554681414,1500
0.000938271776721233,1501
0.0124486624458378,1502
0.0286993486461813,1503
0.0136654844189472,1504
0.0277658748555967,1505
0.000165852628089214,1506
0.0134939303261985,1507
-0.00811137039978183,1509
0.022154954522976,1510
0.0249067710624868,1511
0.014060253353773,1512
0.0193067909735969,1513
0.0155812166535609,1514
0.00327690465506847,1515
0.00858647108315291,1516
-0.00835026003896033,1517
-0.00513234421502462,1518
0.0137997944161536,1520
-0.00247615478052676,1523
0.0146797477897056,1524
0.00441137226339605,1525
-0.0235074802501279,1526
0.00794715369401611,1527
0.00176486430913858,1528
0.0102737364234169,1529
0.00273044806513045,1530
-0.00688433412901257,1531
0.0105844921850247,1532
0.0133415225344757,1533
0.0128029902780384,1534
0.0139632146124122,1535
0.0110473241392515,1536
0.014102615529084,1537
0.00551890808694888,1538
-0.0757401211772313,1539
0.0521676392335406,1540
0.0259246362902095,1541
0.00988702033309208,1542
0.00342815457881707,1543
0.0417463119358668,1544
-0.0151457501853409,1545
-0.0421183390849623,1546
0.011488270163734,1548
0.0170968863031411,1549
0.0182822638594617,1550
-0.00955887033616665,1551
0.0143138830175376,1552
0.0355892346668183,1553
0.0189410418441396,1554
0.0325806104683419,1555
-0.00668710265527472,1556
0.0140760017412918,1557
0.016354652227013,1558
0.0259663700411665,1559
0.0404786353166116,1560
-0.00878775965878109,1561
0.0211438819811463,1562
0.0226492560592082,1563
0.0186216369792658,1564
-0.0785271243087732,1565
-0.092327362347286,1566
0.00272509103750118,1567
-0.0575573588522049,1568
-0.113119494997985,1569
0.0130754683116183,1570
-0.00547739566141137,1571
-0.00628495656545136,1572
0.00187364200426976,1573
-0.0465388275375281,1574
-0.0288489953072075,1575
-0.0229906788568287,1576
-0.0589127207208512,1577
-0.0411930771356784,1578
0.0326429098385952,1579
-0.00447591753245724,1580
-0.0328793200980139,1581
-0.0280905250443999,1582
-0.0226204547828165,1583
0.0291141572492255,1587
0.00760566845436372,1588
0.0507408805646778,1589
0.0696711349579262,1590
0.0467547938331412,1591
0.0159906733738484,1592
0.0164823410494224,1593
0.0214504671539106,1594
0.0123528471215197,1595
0.0336122246805857,1596
0.0410176896378112,1597
0.0402106852516979,1598
0.0314562938098757,1599
0.0356882308120705,1600
0.036931199106558,1601
0.0231781004226839,1602
-0.0105276992658874,1603
0.118908724682094,1604
0.119047276929958,1605
0.0921078249648588,1607
0.0320495328652077,1608
0.10726769844666,1610
0.107150172140342,1611
0.107759250069418,1612
0.107222024152837,1613
-0.0234129576003758,2015
-0.0335241212449765,2016
-0.0152280396106992,2017
-0.023119360273141,2018
-0.0205087752959604,2019
-0.0402379198729207,2020
-0.0517340032266488,2021
-0.0261782852018299,2022
-0.0392616644070091,2023
-0.0177913109789961,2024
-0.0272739158637364,2025
0.00170256769426747,2026
-0.0489290971364434,2027
-0.033126394371112,2028
-0.0294504262059688,2029
0.00412000713837313,2030
-0.00279874646810796,2033
-0.00448312354587399,2034
-0.0114421996252206,2035
0.00678427298347906,2036
0.0122426062704248,2037
-0.0170800001611935,2038
-0.0171727037350978,2039
-0.00781891071160667,2040
0.00195045134984007,2041
-0.00615633285213535,2042
-0.0245875186925436,2043
-0.0239137407678012,2044
-0.0216853480433969,2045
-0.021760232812556,2046
-0.0224145793393442,2047
-0.0233616323615886,2048
-0.0165547948952096,2049
-0.0201283096121088,2050
-0.0208930681016901,2051
-0.0324935972212206,2052
-0.0137398965004235,2053
-0.0228355613220232,2054
-0.0167246666486223,2055
-0.0175702017435477,2056
-0.00986028191491506,2057
-0.0147179433524706,2058
-0.0294388750880183,2059
-0.0159164055236113,2079
-0.0176117242862631,2080
-0.0167333274423644,2082
-0.0257076375751031,2083
-0.021520936490364,2085
-0.0135581086530959,2095
-0.024656132268788,2096
-0.0206284644304757,2097
-0.00905008711556321,2098
-0.0184113068319836,2101
0.0163139215990626,1984
0.0184793882929304,1985
0.0716160503917453,1986
-0.0278045841801676,1987
0.00700036836701212,1988
0.0185528202143368,1989
0.0295016224840707,1990
0.0397852604251179,1991
-0.02172259648154,1992
-0.00900991690139163,1993
-0.00695560518842964,1994
0.00405589477721979,1995
0.00517587616528448,1996
0.0119434188807652,1997
0.0276253637184307,1998
-0.00616844151012219,1999
-0.0150969846764029,2000
0.0109491681550236,2001
0.0152121216635823,2002
0.00568365285800421,2003
-0.0122036380932549,2005
-0.0125338121891788,2006
-0.0310492265761312,2007
0.00369629899721269,2008
0.0540246427464599,2009
-0.0102035775204594,2010
-0.0163421404462522,2011
-0.0199159690230483,2012
-0.0434451589260979,2013
-0.0235195782525418,2014
0.0103267101893012,2102
-0.0321207567745702,2103
-0.030161103113572,2104
-0.0261637780501446,2105
-0.024320303917745,2106
-0.0222192407675118,2107
-0.0174864635524741,2108
-0.0186638805366142,2109
-0.00893752234163669,2110
-0.0049418002929621,2111
0.0184252312051556,2114
-0.0243297224285637,2115
0.0580742897024402,2116
0.0320958688609196,2338
-0.0488734377316512,2339
0.0118446896002353,2340
0.0110415645066582,2341
0.00492104009600403,2342
0.00631147652341624,2343
0.0143381239559546,2344
0.0222833443011126,2345
0.0136841198912923,2346
0.0128171264698507,2347
0.0153470601163839,2348
0.0149215693073339,2349
0.0115238670340054,2350
0.000384901944557425,2351
0.0126058374254885,2352
-0.0279881651757301,2291
-0.0270097521628694,2292
-0.0230806407144288,2293
-0.0270125972205779,2294
-0.0356758597622467,2295
-0.0324720592515193,2296
-0.081242669888703,2297
-0.0602809855454934,2298
-0.0455174769221613,2299
-0.0384102715755447,2300
-0.0446985988861563,2301
-0.0459679425513568,2302
-0.0543446605370327,2303
-0.0739553281765395,2304
-0.0472925815044128,2305
-0.0661200629983802,2306
-0.0785596483273787,2307
-0.0698598778366203,2308
-0.0371018621883108,2309
-0.024481708367479,2310
-0.0259615643351483,2311
-0.035643654244307,2312
-0.113396616661996,2313
-0.0573886229267406,2314
-0.0247668202137247,2315
-0.0435238648932563,2316
-0.0457561634673073,2317
-0.0978793101923413,2318
-0.0501772559044107,2319
-0.0596568356235365,2320
-0.0403617331429897,2321
-0.0532157420691852,2322
-0.0456854938310606,2323
-0.0248351356943335,2324
-0.0450558617232955,2325
-0.0491661136730304,2326
-0.0585967699516817,2327
-0.0573764962545383,2328
-0.0368587416860043,2329
-0.0524615165764664,2330
-0.0646496872431637,2331
-0.0855282472578101,2332
-0.0560953071687228,2333
-0.0522568167454563,2334
-0.0427512495473024,2335
-0.0183402950911609,2336
-0.00407246339101408,2267
0.0265834125005715,2268
0.0381337224044072,2269
0.0360075438193557,2270
0.0385354320899176,2271
0.0428053212145127,2272
0.0262280666699874,2274
0.0491443527296869,2275
0.0555367973238869,2276
0.0316649801705686,2277
0.0346010544141537,2279
0.0508136360599418,2280
0.0478319720911509,2281
0.0788074476662259,2282
0.0317092269395136,2283
0.0396740690669091,2284
0.0421899345247871,2286
0.0247816066286188,2287
0.0238338139826231,2288
0.0309902824528085,2289
0.025271716714262,2290
0.0195389315280594,2481
0.00343916204798211,2482
-0.00773667096433261,2483
0.0208519986081512,2484
0.0109776938081161,2485
0.0210941094423247,2486
0.0261063466339251,2487
0.031088065360749,2488
0.0629249513064232,2489
0.0730215888799184,2490
0.0368341910929078,2491
0.0301104651178179,2492
0.0267903367486217,2493
0.0308044905939939,2494
0.0278362381649855,2495
0.0272412935434305,2496
0.0279395273108973,2497
0.0256443466478893,2498
0.0334041271505767,2499
0.0510320915285563,2500
0.0262822831532663,2501
0.0418242851784496,2502
0.0257505958388446,2503
0.0255258988000262,2504
0.0252304445819698,2505
0.0420575166023767,2506
0.00843363436282463,2398
0.00878006039673718,2399
-0.0503386499233874,2400
-0.0249768293342312,2401
-0.0354119725782438,2402
-0.0566037728549159,2403
-0.0326122724928931,2404
-0.0677313750033152,2405
-0.01820311333577,2406
-0.00953176747985851,2407
-0.109935786355481,2408
0.00753103475596406,2409
-0.00404206493500769,2410
-0.0300095897304213,2411
-0.0221306285956457,2412
0.0057784873281741,2413
0.00487518536098275,2414
-0.0680534545365609,2415
-0.0385134569834208,2416
-0.00553346903884844,2417
-0.00535191963912118,2418
0.014145490775143,2419
-0.00137043633038247,2420
0.00104234819932048,2422
0.00618964966283198,2423
0.00485784372341991,2424
0.00665330493173366,2425
-0.0384974152462623,2426
0.0135047470856446,2427
0.0110758043601942,2428
-0.00173200669501183,2429
0.00460061793809396,2430
-0.000128683884363268,2431
0.00180233064631596,2432
0.00522216314972113,2433
0.00499554423775828,2434
-0.00295234111019305,2435
0.00556199364424836,2436
0.00698499313842516,2437
-0.00429696185299655,2438
-0.0732920483216446,2439
0.00374216346178424,2440
0.0105199444985002,2441
0.00323036972137802,2442
-0.00491446415167318,2443
-0.000241888151620073,2444
-0.0214101627578304,2445
-0.002328892819491,2446
0.00974275369445143,2447
0.0045776438897982,2448
-0.0264847760621938,2449
0.00906752165673974,2450
0.00137899721983503,2451
0.000999401218764628,2452
0.0027040595460226,2453
0.00406458150966404,2454
-0.00641249733016325,2455
-0.0420552441996549,2456
-0.00448235913307782,2457
0.00645627726946185,2458
-0.0986229960323439,2459
0.0129487149951686,2460
0.0120443646610984,2461
0.00408353762047287,2462
-0.00409687691195249,2463
0.00330432304837336,2464
0.0105952826520306,2465
-0.0117646452278788,2466
0.000356545663704022,2467
0.00288699141581206,2468
0.00493999131862521,2469
0.006016830835464,2470
0.00752881010664375,2471
0.0114181272910781,2472
-0.00723405435237467,2474
0.00628120504615892,2475
-0.00221934868971729,2476
0.00489172967052665,2479
-0.00784262859089302,2117
0.00811872424861804,2118
0.00770731858394269,2127
-0.0161306612281074,2129
0.00774418283947043,2130
-0.00869774160441539,2131
0.00181907667448078,2132
0.00078221042103177,2134
-0.028534284973679,2135
0.00718615847960025,2136
-0.0367813603521849,2137
0.000968445741439616,2138
0.00674046749118506,2139
0.00283451030020232,2140
0.00445743444042423,2141
0.00234706745101865,2142
0.0031220529290179,2143
0.00650625271057681,2144
-0.0184361633923789,2145
-0.0164165886319713,2146
0.000467732280677424,2147
-0.0166193753782898,2148
0.00438916945803114,2149
0.0018849697302501,2150
-0.0996759946604699,2152
-0.0771585425848252,2153
0.00300883660356455,2154
-0.0275899019873652,2155
-0.0429141675622212,2156
0.00370624899062166,2157
0.00623675460444462,2158
0.00449818445886652,2159
-0.00761664292296915,2161
0.0078072685689341,2162
0.00120463474148469,2163
-0.0182281377440578,2164
-0.0272378246363053,2165
0.00446356746684273,2166
0.000890946338312659,2168
-0.029804321330704,2169
-0.0231817901308391,2170
-0.008408680508047,2171
0.00246011054633444,2172
-0.0769723074265418,2173
0.00490055551132973,2174
0.00518524968826428,2175
0.000356160267236616,2176
-0.00280720597269246,2177
-0.0107221139494047,2178
-0.0527736081365926,2179
-0.000549883405411289,2180
-0.0113450639659666,2181
0.00401741042836634,2182
-0.0890933958174743,2183
0.00861796032777606,2184
-0.0557574917820101,2185
0.00523005226742246,2186
0.00771931864829023,2187
-0.0130077368867646,2188
-0.00654647615733173,2189
-0.0114706629247565,2190
-0.00464072829267881,2191
0.00769701811201751,2192
-0.00462971818687608,2193
-0.0221813884259325,2194
0.00747349448597756,2196
0.00834522462171461,2197
0.00381460528305833,2198
-0.0204915299545086,2199
-0.0426129142357693,2200
0.00545662322749796,2201
0.00137503174173093,2202
-0.00568489778186299,2203
0.00277665528548643,2204
-0.0120814505920086,2205
-0.0835140724081597,2206
-0.0357079485792501,2207
0.00801674478098202,2208
-0.0464154080424013,2210
-0.00063163139587552,2211
-0.0120303762165151,2212
-0.000540513246046537,2213
0.00332259628640252,2214
-0.014327289931429,2215
-0.00217299998997367,2216
-0.0370032623298747,2217
0.00160289618305165,2218
-0.0222110738001762,2219
-0.0161092915200145,2220
0.00379868732688737,2221
0.00308146802322384,2222
-0.050901408491657,2223
-0.152993570035085,2224
-0.0204056523017261,2225
0.00543730866344649,2226
-0.000370178119863729,2227
-0.00433217461132296,2228
-0.00338059792436085,2229
-0.0132952408715719,2230
-0.0136558277291319,2231
0.000708752827198733,2232
-0.0269663564568385,2233
-0.0629097490202303,2234
-0.106438476140444,2235
-0.00430501664991534,2236
0.000134873918116174,2237
-0.0300429890785855,2238
0.00344296879855932,2239
-0.0151359791392851,2240
-0.0899644330776423,2241
-0.0127333651834101,2242
-0.00260232408196126,2243
0.0040505549384553,2245
0.0110874205659526,2246
-0.0314056943660901,2247
0.00731063979515678,2248
-0.00667560665776146,2249
0.00894370742165873,2250
0.0101902432334027,2251
-0.00228911422193834,2252
0.00993698023873102,2253
-0.000671966316157291,1614
0.0207042147896985,1615
0.0148644710524219,1616
0.0173526302198022,1617
0.0189566787980513,1618
0.016745439701273,1619
0.0189318510720515,1620
0.0202280687281415,1621
0.015802459479735,1623
0.0150377849555019,1624
0.0193198240701051,1625
0.00113477903350478,1626
0.0151704566029396,1627
0.0143706190752781,1628
0.0073827615341151,1629
0.0239174981526933,1630
0.0208630124638483,1632
0.0249824750803715,1633
0.0241144155599038,1637
0.00632091231308229,1641
0.017831398475868,1643
-0.0158499956594144,1645
0.0115391419711866,1646
0.0177170766117973,1647
0.0171014737717452,1648
0.0169212287889755,1649
0.0162594495161601,1650
0.0159068798827149,1651
0.00992803954792043,1652
0.0155105286735573,1653
0.018503973451808,1654
0.0205102919314226,1655
0.0163614840288298,1656
0.0151442836796769,1657
0.0110959416609051,1658
0.0148155962046748,1659
0.0135926062045619,1660
0.00533201951547513,1661
0.00629083152299881,1663
0.0124162659375711,1665
0.0140144126626542,1667
0.0137363791865535,1668
0.0145850952832531,1669
0.00521153309212119,1670
0.00547005971138836,1671
0.0111768016504352,1672
-0.00156890043190516,1673
0.00680277941829743,1674
0.0103331808792082,1675
0.00824239954542594,1676
0.0044883059159686,1677
0.00870764438960681,1678
0.00890839804801735,1679
-0.00604155347775348,1680
-0.00402190738800245,1681
0.00367190463759193,1682
0.0043900721259762,1683
0.0119384279932002,1684
0.00260842355734736,1685
0.00110633617508982,1686
0.00608366019241391,1687
0.00779591836616422,1688
-0.0319139749670726,1689
-0.0118287650168868,1690
-0.00944485307219856,1691
0.0148179275281326,1692
-0.0115100994577175,1693
-0.102414885631425,1694
-0.0424594897450654,1695
0.00371446136705766,1696
0.00745602019044544,1697
0.0114628400715742,1698
0.0181406010857401,1699
0.0111620084953306,1700
-0.0101423223128733,1701
-0.0138048285176571,1702
-0.00383905294228415,1703
0.0140089186147601,1704
0.0109096519585885,1705
0.0122876231482842,1706
0.0177543622291072,1707
0.0166358349003868,1708
0.0103353528802104,1709
-0.0175226984667183,1710
0.00579118722020322,1711
0.0117540568019749,1712
-0.000115169100905921,1713
0.0148428091685959,1714
0.0119953559559201,1715
0.00583531632180501,1716
0.00842123914707105,1717
0.00808979804481846,1718
0.0134098343855551,1719
0.017588476891726,1720
-0.00176994795344665,1721
0.0181513684581205,1722
0.0175973059605643,1723
0.016795467784646,1724
0.0207404408997005,1725
0.0180957401713342,1726
-0.00961810842823818,1727
0.0162689142819656,1728
0.0240345972153055,1730
0.0124813462859192,1731
-0.0150518957053021,1732
0.0170654109973682,1733
0.0180245881558341,1734
0.0193219244085534,1735
0.0178754800745313,1736
0.0156857280490736,1737
0.0148957096250848,1738
0.0156313255695049,1739
0.0120511554915799,1740
0.0174668244875806,1742
0.00356160453294452,1743
0.0105092116932333,1744
0.0163951776759863,1745
0.0149154607811925,1746
0.00562949752044029,1747
-0.00347669391147143,1748
-0.000393325817025225,1749
0.00444387534758417,1750
0.00961534087943505,1751
-0.00106705778367711,1752
-0.00457591285678927,1753
0.017874916339927,1754
0.00707851573705764,1756
-0.0402051351456479,1757
0.0136179120336943,1758
0.0172972152007067,1759
0.0162057594888494,1760
0.00518564359771267,1762
0.0174043528941283,1763
0.0136208114107661,1764
0.0177620781031786,1765
0.0179274930142423,1766
-0.00142587045982967,1767
0.00613651778264512,1768
0.0181702404635609,1769
0.0121644596205268,1770
0.00897463416785116,1771
-0.00475487220072812,1772
-0.0126915331172054,1773
-0.00990399806542031,1775
-0.0225286903549222,1776
-0.0146623923316651,1777
-0.0179804510894379,1778
-0.0183170759723744,1779
-0.00384575801906528,1780
-0.013040373968158,1781
-0.0348482522322417,1782
-0.0101289346862538,1783
-0.0092932041239232,1785
-0.0220534163532226,1786
-0.00958821258004061,1787
-0.0117516272731401,1788
-0.0118446600879022,1789
-0.00792877147842019,1790
-0.00243992669155912,1791
-0.0237398207384297,1792
-0.0530170344871247,1793
0.00447006574573927,1794
-0.00552731412271079,1795
-0.00687803749837568,1796
-0.00528985762222056,1797
0.014120196083331,1798
0.00807487199872159,1800
-0.0180832412608819,1802
-0.00830654374450202,1803
-0.0335087959923612,1804
-0.0136075895077626,1806
0.000276203087421267,1807
-0.00360518346756566,1808
-0.00159198167025987,1809
-0.00455707085973978,1810
0.000438033654495351,1811
0.00268661985798269,1812
-0.0106743979290075,1813
-0.00158415037572213,1814
-0.00526308912553874,1815
-0.00129808115257479,1817
-0.00286297174325723,1818
-0.00331340930935886,1819
-0.000417046896731721,1820
0.00165402782402069,1821
-0.0016917787788393,1822
-0.0103970463469384,1823
-0.00472362018751482,1824
-0.0113222664899566,1825
-0.00755151520703989,1826
-0.00387402152739114,1827
-0.00277620095646591,1828
-0.00379298693179519,1829
-0.00441257007102536,1830
-0.007013814361431,1831
-0.00178254886058471,1832
-0.00395951578171549,1833
-0.0065358193094387,1834
-0.0144979431541683,1836
-0.0227824432436674,1837
-0.000102192155043479,1838
0.0124371581242912,1842
0.0116740570467879,1847
0.00790383909212222,1848
4.81133529446343e-05,1849
0.0127079363281097,1855
0.00828873201458968,1859
0.00142784250210082,1860
0.0112076111358934,1863
0.000199481665937196,1864
0.00105665436480362,1865
0.0122703696636843,1866
0.00400058638616385,1869
-0.00140154433252548,1870
0.00225484367389917,1871
0.000458342618468111,1872
0.013495498241298,1873
0.0013580017323227,1874
0.00702691055444049,1875
0.00438428286845483,1876
0.0034754154476877,1877
0.00544274164439185,1878
0.00760468001137782,1879
0.00562009596599111,1880
0.00356743156528938,1881
-0.00121779959723667,1882
0.00387554098457854,1885
0.00327775543439834,1886
-0.00196477927941241,1887
0.00212442821007941,1888
0.00123611417758851,1889
-0.00546170156563197,1890
0.000675675156187383,1891
-0.000327962435411777,1892
-0.00301388257707191,1893
-0.000186266269396995,1894
0.00249010441676711,1895
-0.0061081661205441,1896
-0.00102910472300888,1897
-0.00465962392820773,1898
-0.00145727095968073,1899
-0.00166203344102245,1900
-0.00161929565486374,1901
-0.00383135119893641,1902
-0.0012756267809747,1903
-0.00861117371995457,1904
0.0125660992517651,1905
0.012169852129305,1907
-0.0105637258313005,1910
-0.0128116455450874,1911
-0.0329681914479856,1912
-0.0154846000897012,1916
-0.0136516139316312,1917
-0.0163478473764868,1918
-0.00465421576076686,1919
-0.0357034285763159,1920
-0.0101747737220184,1921
-0.00943714418478614,1922
-0.00750491681461329,1923
-0.0398757158563271,1924
-0.0282570383097839,1925
-0.0106581865467746,1926
-0.00855792422657498,1927
-0.00569896671920345,1929
-0.0223913364622101,1930
-0.00132359872908838,1931
-0.0035226294610412,1932
0.00743077397036096,1933
-0.0108852349643839,1934
-0.0148456034542287,1935
-0.00309965487542474,1937
-0.0232668451022634,1938
0.00517429866893404,1940
-0.0245911666876449,1941
0.0101479228764272,1942
0.0068419835516258,1943
0.00809650759603842,1944
0.00995661879340504,1945
0.0135534193229234,1946
0.0135234502321764,1947
-0.00390166656383795,1948
0.0122622780972406,1949
0.00905351365315288,1950
0.00754304358622426,1951
-0.0110860324411138,1952
0.0106291990413623,1953
0.00499257947436194,1954
0.0114034321507417,1955
0.003770798082529,1956
0.00124284905188099,1957
0.0110661844687883,1958
0.00838159841098562,1959
0.00882693990675354,1960
0.0116013737129412,1961
0.00448312020970199,1962
-0.0076314043252671,1963
0.0082109993231263,1964
0.00545338287725095,1965
0.000671656739860804,1966
0.00736473278890171,1967
-0.00373974452631209,1968
0.00877273748554708,1969
0.0101689002693337,1970
-0.00636666179415535,1971
0.00190000360160636,1972
-0.00330711739173495,1973
0.010143175148579,1974
0.00403902491276686,1975
0.00755468834725881,1976
0.00302330382350258,1977
0.000320758888389561,1978
-0.0128159701989159,1979
0.00740832086028553,1980
0.000978309247198883,1981
0.00767651043115247,1982
0.0102284437674125,1983
0.0929216465343397,160
-0.035684089070929,161
0.0758592500009108,172
0.0666067336484133,178
-0.131178978511762,248
0.100104868736261,266
-0.0884982760764335,270
-0.0322418241380059,272
0.119305219518081,279
0.099459128216671,284
-0.13532649980754,299
-0.031780792359187,300
0.101096153506406,301
0.0354392620450681,307
0.119318779165798,323
-0.0696304280829272,325
0.119121109726505,326
0.119953936666626,330
0.0184867678221603,345
0.120074317589248,346
0.11995916033903,355
0.119710614921967,356
0.0472066771186594,359
0.119669895584296,360
0.120492864091362,372
0.0612865806033345,384
-0.113717353713772,434
-0.137931883510743,437
-0.0872978340864389,457
0.125001496717719,466
-0.129900004110529,512
-0.0602880503282445,513
-0.154307404068238,514
-0.125779998363867,515
-0.116745702406181,516
-0.142036844201435,517
0.0280173838347286,518
-0.134213685711656,519
-0.14792775371782,520
-0.0376490946022336,521
-0.146255384659322,522
-0.108152455493487,523
-0.151564118774612,524
-0.177746720169215,525
-0.116389965740026,526
0.122295835235835,530
-0.0395275173295542,536
0.0623691164691231,551
-0.0532745445748117,552
-0.0333503944799944,553
0.0588284492950988,554
0.0690799082958931,572
0.123079788357537,577
0.038429548618405,582
-0.0394066917624497,616
0.108952757969353,642
0.124137080654969,643
-0.00849456071955712,775
-0.0822576411463002,777
0.126759900360428,779
0.0593772075667611,781
0.125282425379913,784
0.133823441834409,790
0.129760299961159,791
0.0913565371979521,795
0.129006856811122,796
-0.017352650217736,797
0.126236816458258,798
0.130535593480969,799
0.126071868906657,800
0.126591820094946,801
0.00123806525509873,802
0.125118507895959,803
0.126266452063516,804
0.127823524030597,805
-0.000630572117359507,806
0.130040059364734,807
0.124812943425164,808
0.0984124074796504,809
0.122882295216429,810
0.0592366840823872,811
-0.0137228936330077,812
0.124216692819615,813
0.129381875958483,814
0.12047363693884,815
0.0562761552924365,816
0.0377249139331584,817
0.0590601404929338,818
0.0403072505307163,819
0.0159770974944768,820
0.121220392624506,821
-0.0699612663851167,822
0.119824366938926,831
0.00116125546605472,836
-0.0263125927508892,845
-0.0778540380981434,846
-0.0394381386190049,882
0.00274750343414576,890
-0.0131570154308795,891
0.0745223774434192,892
-0.0599817923304143,893
0.116746971855898,894
0.115905584926367,897
0.117259388211757,902
-0.0294811774626804,903
0.00571173017709015,904
-0.133819014033572,905
-0.103063354667018,906
0.0765297166853416,907
0.11915878186965,908
0.118327670202766,909
0.0497027905659988,910
0.0599168050064167,933
0.117382065649625,934
0.0434264591175739,935
-0.00384001813068013,960
0.073932708587328,963
0.0267131444218922,964
0.0807629753625361,965
0.069664868070725,984
0.0267155145189035,1079
0.0641764532486218,1080
0.0558134920603213,1081
0.0453479143847924,1082
-0.00336635217677594,1083
0.057813458244893,1084
0.11759072276647,1085
0.0400708809754844,1092
0.0798700728102029,1099
0.0498830041770224,1100
0.026512003201457,1101
0.121650782561704,1102
-0.0477457030042548,1245
0.139394341034514,1246
0.131570234485796,1247
0.142440108259675,1248
0.138642689662195,1249
0.151277109284256,1250
0.146416644630275,1251
0.133134601650357,1252
-0.0649201560800021,1253
0.147814587243902,1254
0.135020632284102,1256
0.135504983575021,1257
-0.0704149449246699,1258
0.00114640159510127,1259
0.130969284466669,1260
0.00380082853908781,1261
-0.122325924531324,1263
-0.0231641056285905,1265
0.133779197137695,1274
-0.00483869315778074,1321
0.0161065259222055,1322
-0.0761528437652061,1323
0.0151190111594854,1324
0.0315585897236879,1325
0.0172053483236829,1326
-0.0227992858065083,1350
-0.0278827899577452,1351
0.0266444299956032,1352
0.134419234901193,1353
0.00476490563513798,1354
0.0876556946925038,1355
0.0329303232823313,1356
0.132142322333215,1357
-0.00496019366690148,1358
0.0315677095024549,1359
0.134739150619239,1360
0.115809119533524,1361
0.0475548348954564,1362
0.0524516012625884,1363
0.113460153376054,1364
0.0555842402872755,1365
0.0483779644013513,1366
0.0196548363628475,1367
0.0786481889275463,1368
0.12835219572814,1369
0.0318227221515113,1370
0.101780729986883,1371
-0.0223406218287892,1372
0.129810927754171,1373
6.30782941049013e-05,1374
0.148142724509574,1375
0.148773249074696,1376
0.150312985527734,1377
0.155703689158593,1378
0.114838243646458,1379
0.0457809145652117,1380
0.0845367258532499,1381
0.0802471840513179,1382
0.0642066384624724,1383
0.148104552098605,1384
0.0354764172587063,1385
-0.0282706783136181,1386
0.00500848045231206,1387
0.123436533718542,1388
0.0114204798774087,1389
0.0382493123229568,1391
0.0225262680406597,1392
0.122252608148814,1393
0.0711518043167019,1403
0.00467344400316527,1415
0.118853358066645,1422
0.122044765241103,1465
0.0561524986309363,1508
0.072702660327947,1519
0.0194116775453768,1521
0.030757933137908,1522
-0.00997219408327266,1547
-0.0491026299041438,1584
0.0590285210737407,1585
-0.073750342311659,1586
0.0612592370633216,1606
-0.0454716301185429,1609
0.0107013132426095,1622
0.0271148007989903,1631
0.117481945528951,1634
0.0199888466780185,1635
0.0546631403942974,1636
0.0541981421340492,1638
0.0225459017578618,1639
0.0813762082743599,1640
0.117116005685341,1642
0.071794784714083,1644
0.025349903845691,1662
0.0961334864611429,1664
0.0305720700721583,1666
0.0686723872315687,1729
0.0832079386358755,1741
0.104055676992136,1755
0.0807978109252268,1761
0.0704966328354795,1774
0.0816560092660934,1784
0.0433969999373467,1799
-0.0112018150569788,1801
-0.265654987832336,1805
0.0416138459049327,1816
0.0784352771812526,1835
0.047000566020901,1839
0.11619662015902,1840
0.115960087049818,1841
0.116436865211216,1843
0.0236453572874493,1844
0.0567849929074036,1845
0.116458206071975,1846
0.116144456403764,1850
0.106732931510841,1851
0.0794608847243434,1852
-0.0484656631476382,1853
0.0667357630460841,1854
0.0421539560126272,1856
0.0238227762307803,1857
0.0281933281877236,1858
0.0999510197620757,1861
-0.0332627593882842,1862
0.0114965560560492,1867
-0.06496836423854,1868
0.116997858558276,1883
0.117331507092761,1884
-0.481000877387935,1906
-0.39939724784343,1908
-0.0281201921432099,1909
-0.320331710488156,1913
0.102407738579959,1914
0.0422346335968444,1915
0.117271242074441,1928
0.116249641820056,1936
0.119795307897543,1939
0.0121765784001555,2004
0.0508946146539673,2031
0.116358586363208,2032
0.0720406580502673,2060
0.116803048334851,2061
0.117514613222102,2062
0.0508322362539788,2063
0.117299885766758,2064
0.0725840639723452,2065
-0.0211622095784872,2066
-0.0717100483244797,2067
0.0641573032182834,2068
0.0246833501394399,2069
0.120565517584957,2070
-0.104842891787706,2071
0.104398810086515,2072
0.11865334836355,2073
0.0196111957745142,2074
0.118506815697499,2075
0.124898103067884,2076
-0.0920191896325411,2077
-0.0621446474758462,2078
0.117002053482747,2081
-0.0252708429271884,2084
-0.0836909306667926,2086
0.11730441635755,2087
0.117699640918367,2088
0.119907314927619,2089
0.117921988167915,2090
0.11817213102384,2091
-0.0617194266275545,2092
-0.0574703992603636,2093
-0.0425012360497483,2094
0.0384291348369725,2099
0.0534508691402635,2100
0.0970371430707848,2112
0.123635265294618,2113
0.0359050182656997,2119
0.0272251437826698,2120
0.11743645584571,2121
0.0336406997609913,2122
-0.0257804190620551,2123
0.0679739249213249,2124
0.0516064858823817,2125
0.117842145574464,2126
0.117746087551787,2128
0.0919308880324265,2133
0.0861466356470473,2151
-0.0277041311657672,2160
0.0988121598423957,2167
0.118146267952642,2195
0.0207840732229534,2209
0.0762521738788133,2244
-0.0288717788841021,2255
-0.116361988227618,2264
0.072920010594832,2265
0.0633541439804317,2266
0.119116883334316,2273
0.0422359254536822,2278
0.00651505101752914,2285
-0.0670699094730275,2337
0.018550714878274,2353
0.0447287787649031,2356
0.10310608314145,2386
0.0218442001157482,2387
0.0375584411011887,2388
0.0774765230009735,2389
0.023272428066772,2390
0.0576319279162414,2391
0.0068456318685548,2392
-0.00400094940196183,2393
0.00950434246709553,2394
-0.00224904846663021,2395
-0.00837087357466304,2396
0.00234810451294498,2397
0.0199498782449701,2421
0.0191983315821005,2473
0.0344679921733397,2477
0.0185876506203264,2478
0.0200931687303596,2480
